Unnamed: 0,YearlyCompensation,Age,Gender,Location,JobTitle,CompanyName,Description,PayPeriod,SalaryMin,WorkType,WorkType.1,ListedTime,ApplicationType,ExperienceLevel,ListedTime.1,PostingDomain,WorkType.2,WorkType.3,Currency,CompensationType,ZipCode,MLIncorporation,CoursesCoursera,MLExperienceYears,Education,DataScienceTeamSize,CompanySize,Industry,PrimaryToolSelected,RemoteFriendly,SalaryMedian
2353.0,"2,000-2,999",25-29,Female,Los Angeles Metropolitan Area,Administrative Assistant,Confidential,"Administrative Assistant - Leading Real Estate Firm - Onsite in West Los Angeles - $70-80K
This is a once in a lifetime opportunity to join an incredible team and build a great career path. The Administrative Coordinator will be supporting an Operations Director, as well as their existing team with a variety of projects, as well as with heavy administrative responsibilities. The ideal candidate will have strong organizational skills and have the ability to communicate professionally with clients and leadership. This candidate should have experience in maintaining a database of client information and be able to recognize and solve any problems that may arise. In addition, you will be responsible for maintaining the executive's daily schedule and heavy calendaring.
This is an incredible opportunity to grow and build a career within a supportive and fun team!
ResponsibilitiesManage all incoming client calls and correspondence in a professional mannerHandle calendaring, scheduling, and meeting operations on a daily basisFacilitate office operations and ensure the office is running smoothly from an office management perspectivePartner with the Director of Operations and other executives on a variety of ad-hoc projectsUpdate databases and workflows; maintain client accounts and troubleshoot systems
QualificationsBachelor's degree is preferred1-3+ years in a professional services environmentStrong organizational, communication, and analytical skillsDetail orientedProficient in Microsoft Office suite
Please submit a resume for consideration.",YEARLY,70000.0,Full-time,FULL_TIME,1712362023000.0,SimpleOnsiteApply,Associate,1712362023000.0,thriveworks.wd5.myworkdayjobs.com,Full-time,FULL_TIME,USD,BASE_SALARY,36209.0,We are exploring ML methods (and may one day put a model into production),Coursera,3-4 years,Doctoral degree,1-2,Large,Entertainment,"Business intelligence software (Salesforce, Tableau, Spotfire, etc.)",No,98161.55777439784
418.0,"2,000-2,999",25-29,Female,"Detroit, MI","2024 Summer Audit Information Technology Intern Detroit, MI",Comerica Bank,"Location(s):

Farmington Hills, MI or Auburn Hills, MI -- Audit IT

The Audit Information Technology intern will learn to analyze and evaluate the adequacy of the design and operational effectiveness of internal controls.

Start Date: January and May 2024 Hybrid/Remote Flexibility

Position Competencies 

Successful candidates possess strong oral, written, and interpersonal communication skills as well as strong organization skills with the ability to prioritize tasks.

Position Responsibilities

Candidates in this position will learn to:

Execute and document audit program tests for financial, operational, and/or information technology audits and express an opinion on the adequacy of the design and operational effectiveness of internal controls.Develop work papers that support tests performed and conclusions reached.Analyze root cause of audit issues and assist in the development and documentation of practical recommendations.Practice active listening.Interact effectively with client personnel and colleagues (verbal and written communications).Maintain appropriate, constructive, and professional relationships with clients and colleagues by building appropriate rapport and using diplomacy and tact.Assist with completion of the annual Audit Plan by managing and completing work within budgeted timeframes, dates, and schedules.

Travel - Travel required between Auburn Hills, Livonia, and Detroit.

Position Qualifications

College level of Junior or Senior StatusInformation Technology, or Business majorOverall GPA of 2.5 or betterSix months word-processing, spreadsheet, and database software experienceSix months project coordination/participation experience

Comerica Bank Center (CBC)

M-F 8AM-5PM",MONTHLY,30275.198000000004,Full-time,FULL_TIME,1712892387000.0,OffsiteApply,Internship,1712892387000.0,comerica.contacthr.com,Full-time,FULL_TIME,USD,BASE_SALARY,48201.0,We are exploring ML methods (and may one day put a model into production),Coursera,3-4 years,Doctoral degree,1-2,Large,Entertainment,"Business intelligence software (Salesforce, Tableau, Spotfire, etc.)",No,98161.55777439784
621.0,"2,000-2,999",25-29,Female,"Morrisville, NC",5G System Architect Sr Principal Software Developer,Oracle,"Job Description

Group Description

The Oracle Communications 5G and Policy Management System Architecture Team’s mission is to increase the business value of Oracle Communications solutions for customers and Oracle by:

Ensuring the integrity and consistency of products and cloud services.Evaluating and recommending new processes, technologies, patterns, and methods.Maximizing the appropriate use of Oracle assets and minimizing duplication.Bridging groups within the product development organization, across the business unit, and across Oracle.Identifying and communicating engineering best practices for software development, testing, and automation.Participating in industry standards work groups applicable to 5G and policy management.Contributing to customer engagement activities for 5G and policy management solutions.


Role Summary

The primary technology focus of this role involves the Oracle Communications Cloud Native Core and Policy Management products and associated end-to-end solutions. Broad and deep knowledge of topics such as 4G and 5G telecommunications core networks, service-based architecture, cloud-native principals, high-availability, security, networking, scaled agile frameworks, and CI/CD is highly desired.

The role is technical hands-on in nature and involves providing software architectural leadership to multidisciplinary agile development projects, with an emphasis on architecting, designing, and prototyping communications solutions, components, and tools for deployments in both public and private clouds.

Desired Qualifications, Skills, and Experience:

Strong foundation in software architecture, design, and coding of complex software systems.Experience in one or more of the following programming languages: Java, C++, Python, SQL, Go, and C.Good understanding of cloud architecture and hybrid on-premises / cloud designs. An ideal candidate has a working knowledge of public clouds, and particularly Oracle Cloud.Strong technical skills and a system-wide vision including all aspects of the cloud ecosystem – networking, security, integration, CI/CD among others.An ideal candidate has technical and functional experience in 4G and/or 5G telecommunication core networks. Familiarity with the 3GPP 5G control plane network functions is a plus.An ideal candidate has experience in highly-distributed, highly-performant, geo-redundant software systems.Highly motivated, self-starter with a quick learning style and a strong ambition to remain up to date with current technologies and trends. An ideal candidate understands the need to balance continuous personal development and non-work life with the pressures of delivery.Exceptional analytical and critical reasoning skills capable of flexible and lateral thinking. An ideal candidate has excellent problem-solving skills, develops and analyzes options/hypotheses objectively, and is able to apply industry best practices.Ability to actively lead technical discussions with customers, partners, and other Oracle teams. An ideal candidate has good communication skills (both written and verbal) with the ability to effectively communicate with customers and executives, succinctly articulate business impacts, translate technical information into layperson and business terms, concisely ‘storyboard' complex problems, solutions, and approaches in a manner appropriate for diverse audiences. An ideal candidate produces high-quality deliverables that can be used as architectural runway by product development teams. An ideal candidate serves as technical strategist, advisor, and engineering mentor, and has a natural inclination to coach – through training, public forums, blogs, and conferences.An ideal candidate has a basic understanding of CNCF open-source projects and non-Oracle 5G products and solutions.


Career Level - IC5

Responsibilities

Typical Duties and Responsibilities

Using business goals, requirements, and priorities as inputs, architect and design complex and innovative mobile core network solutions and elements by leveraging Oracle offerings and open-source components to address critical business needs of Oracle customers. Lead and participate in highly technical discussions.Assess communications solutions either in pre-sales or post-sales stages and provide guidance to internal and external parties to ensure successful implementations and uptake of best practices.Manage competing, changing priorities effectively and handle input from many internal and external collaborators and stakeholders.Structure and execute plans for a given project in challenging environments with a minimum of guidance.Closely collaborate with high-caliber peers and a variety of teams and groups in a highly dynamic environment – Developers, Product Managers, Senior Leaders, Pre-Sales, Consulting, Documentation, Support, among others.Identify recurring patterns and solutions and generalize these for broader re-use across the entire ecosystem – Oracle, Partners, and Customers.Identify common pain points in Oracle Communications products and solutions and propose alternatives to improve them.Monitor and analyze industry trends, innovative technology offerings, and development best practices, and propose strategies by which Oracle Communications teams and products should leverage them. 


Qualifications

Disclaimer:

Certain US customer or client-facing roles may be required to comply with applicable requirements, such as immunization and occupational health mandates.

Range and benefit information provided in this posting are specific to the stated locations only

US: Hiring Range: from $96,800 - $251,600 per year. May be eligible for bonus, equity, and compensation deferral.

Oracle maintains broad salary ranges for its roles in order to account for variations in knowledge, skills, experience, market conditions and locations, as well as reflect Oracle’s differing products, industries and lines of business.

Candidates are typically placed into the range based on the preceding factors as well as internal peer equity.

Oracle US offers a comprehensive benefits package which includes the following:

 Medical, dental, and vision insurance, including expert medical opinion Short term disability and long term disability Life insurance and AD&D Supplemental life insurance (Employee/Spouse/Child) Health care and dependent care Flexible Spending Accounts Pre-tax commuter and parking benefits 401(k) Savings and Investment Plan with company match Paid time off: Flexible Vacation is provided to all eligible employees assigned to a salaried (non-overtime eligible) position. Accrued Vacation is provided to all other employees eligible for vacation benefits. For employees working at least 35 hours per week, the vacation accrual rate is 13 days annually for the first three years of employment and 18 days annually for subsequent years of employment. Vacation accrual is prorated for employees working between 20 and 34 hours per week. Employees working fewer than 20 hours per week are not eligible for vacation. 11 paid holidays Paid sick leave: 72 hours of paid sick leave upon date of hire. Refreshes each calendar year. Unused balance will carry over each year up to a maximum cap of 112 hours. Paid parental leave Adoption assistance Employee Stock Purchase Plan Financial planning and group legal Voluntary benefits including auto, homeowner and pet insurance


About Us

As a world leader in cloud solutions, Oracle uses tomorrow’s technology to tackle today’s problems. True innovation starts with diverse perspectives and various abilities and backgrounds.

When everyone’s voice is heard, we’re inspired to go beyond what’s been done before. It’s why we’re committed to expanding our inclusive workforce that promotes diverse insights and perspectives.

We’ve partnered with industry-leaders in almost every sector—and continue to thrive after 40+ years of change by operating with integrity.

Oracle careers open the door to global opportunities where work-life balance flourishes. We offer a highly competitive suite of employee benefits designed on the principles of parity and consistency. We put our people first with flexible medical, life insurance and retirement options. We also encourage employees to give back to their communities through our volunteer programs.

We’re committed to including people with disabilities at all stages of the employment process. If you require accessibility assistance or accommodation for a disability at any point, let us know by calling +1 888 404 2494, option one.

Disclaimer:

Oracle is an Equal Employment Opportunity Employer*. All qualified applicants will receive consideration for employment without regard to race, color, religion, sex, national origin, sexual orientation, gender identity, disability and protected veterans’ status, or any other characteristic protected by law. Oracle will consider for employment qualified applicants with arrest and conviction records pursuant to applicable law.

 Which includes being a United States Affirmative Action Employer",YEARLY,96800.0,Full-time,FULL_TIME,1713458415000.0,OffsiteApply,Mid-Senior level,1713458415000.0,eeho.fa.us2.oraclecloud.com,Full-time,FULL_TIME,USD,BASE_SALARY,27560.0,We are exploring ML methods (and may one day put a model into production),Coursera,3-4 years,Doctoral degree,1-2,Medium,Retail,"Business intelligence software (Salesforce, Tableau, Spotfire, etc.)",No,100614.16470812884
5032.0,"2,000-2,999",25-29,Female,"Jonesboro, AR",Associate Team Leader,H&R Block,"What You'll Bring To The Team...

Support the Multi-Unit Team Leader, serving as onsite point of contact for tax office associates and clients, ensuring quality and consistent execution that will allow us to promote the value of H&R BlockExecute and hold all tax office associates accountable to Standard Operating Procedures (SOP) execution and client service experience, with escalation to the Multi-Unit Team Leader and District General Manager as necessaryServe as point of contact for onsite escalated client service concernsEnsure clients are scheduled properly and conflicts are resolved, with escalation to the Multi-Unit Team Leader and District General Manager as necessaryLead the office from the front desk, providing phone coverage and engaging with clients to deliver an outstanding experienceLead daily activities to ensure that all tax office associates are scheduled, and work is completed according to deadlines, with attention to quality standards, priorities and overall goalsLead daily huddles and communicate essential information to office associates

Your Expertise

Prior experience working in customer service or similar roleStrong organizational skills and ability to plan and manage day-to-day office operationsCustomer-centric mindset and strong communication skillsComputer proficient with the ability to use MS OfficeDemonstrated ability to work independently with minimal supervisionPositive attitude Able to work a flexible work schedule of 40 hours per week and flexibility based on business needsHigh school diploma / equivalent or higher

It would be even better if you also had...

Experience supervising or managing peopleHistory of delivering outstanding customer experiences

Perks of the job...

At H&R Block, we believe and invest in our people by committing to their total well-being. Our benefit offerings can help associates plan for their unique health, wellbeing and financial wellness needs.

Medical coverage and well-being programs including mental health support and coaching401k Retirement Savings Plan and Employee Stock Purchase PlanTax prep benefit - allows eligible associates to receive the same tax preparation as our clients, all with no direct cost to you!Other perks like flexible/remote opportunities that meet your life, collaborative teams and much more!

The Community You Will Join:

At H&R Block we remain committed to building a Connected Culture — one in which trust, care, and connections are how we work together as we continue to create an environment where everyone feels safe to bring their authentic self to work every day and feels like they belong as part of a larger team.

Sponsored Job

#40426",YEARLY,74626.16,Full-time,FULL_TIME,1712636896000.0,OffsiteApply,Mid-Senior level,1712636896000.0,sjobs.brassring.com,Full-time,FULL_TIME,USD,BASE_SALARY,72401.0,We are exploring ML methods (and may one day put a model into production),Coursera,3-4 years,Doctoral degree,1-2,Large,Entertainment,"Business intelligence software (Salesforce, Tableau, Spotfire, etc.)",No,98161.55777439784
11616.0,"2,000-2,999",25-29,Female,"Fort Myers, FL",Collections Specialist,Rang Technologies Inc,"Title: Collections Specialist Location: 13200 Paul J Doherty Pkwy, Fort Myers, FL 33913 Duration: 10+ months (Temp to perm based on performance) Additional Details:Candidates must be within a commutable distance to the Fort Myers Florida facility.Role would be almost entirely remote after the first few weeks - at start of assignment onsite training would take place a few days per week. Occasional onsite for team functions may be required during assignment.Interview process will be made up of 2 interviews, both video (Teams or Zoom) Job Description: Understand and adhere to all corporate guidelines for pricing, legal, product, SOX (Sarbanes Oxley) and country-specific laws.Evaluate credit history, review, and help Deal Hub prepare Sales Agreements with Sales for non-standard terms before presenting to Client; provide updated language, calculation of credits for re-writes and recommendations for edits or further approvals before submission to Client.Start collections process through automated iCollections collections workflows, combining direct collection efforts via phone and email to the Client.Collections performance: responsible for collecting payment for assigned invoices, measured on success of invoices collected in each aging category, frequency of Client contact, cash collected and managing unapplied cash and credits with refunds / applications.Support B2B rolling regional portfolio of invoices handling ? 600 transactions targeted at the beginning of each quarter.Responsible for 90/60/30/0 transactions documenting actions and touch points to meet target goals for receivable funds.Frequency of interaction with client on invoice status (payment dates / Payment promises / issue resolution / etc.)Touchpoint Cadence: responsible for maintaining contact with Internal and External stakeholders to resolve payment, measured on average of days since last contact by transaction utilizing MS Word/Excel/PowerPoint and OutlookIdentify Client issues early and escalate to management and sales.Provide recommendations for enforcing terms or preparing a payment plan directly with the Client.Coordinate with the Order Management teams to validate Clients outstanding balance or refund any overpayment coordinating with Cash ApplicationsCoordinate with the Portal team to support electronically invoicing and collecting through Client’s portals.Preparation of credit memos and accurate coding depending upon the nature of the credit.Provide monthly reports to management and Sales on all balances ?(USD)10K 60 days + delinquent.Meet and exceed all individual monthly & quarterly cash collection, delinquency, unapplied cash, DTC & UTC targets.Demonstrated ability to present updates to internal and external stakeholders as needed.Proficiency in MS office, Word, Excel, and PowerPoint Skills and Qualifications Required:1 or more years of related office experience in one of the following areas: Customer Service, Collections, Sales Support.Proficient in MS Word, Oracle, and a CRM system knowledge a plus.Above average proficiency in MS Excel (Creation of formulas, sorting, filtering, and general spreadsheet manipulation)Excellent oral and written communication skills.Ability to communicate with a diverse audience at various levels and all countries and cultures within the organization.Effective listening skills, excellent customer service skills and strong initiative.Ability to work in a fast-paced, high-pressure environment.Excellent time management skills and ability to meet tight deadlines.Strong analytical and problem-solving skills and attention to detail.Ability to adapt to a constantly changing environment.Strong interpersonal skills and strong team playerAbility to build strong internal/external business partnerships. Who you are:Motivated, high-potential performer, with demonstrated ability to influence and lead.Strong communicator with excellent interpersonal skills.Able to solve complex problems and successfully manage ambiguity and unexpected change.Teachable and embracing of best practices and feedback as a means of continuous improvement.Consistently high achiever marked by perseverance, humility, and a positive outlook in the face of challan. We are an equal opportunity employer. It is our policy to provide employment, compensation, and other benefits related to employment without regard to race, color, religion, sex, gender, national or ethnic origin, disability, veteran status, age, genetic information, citizenship, or any other basis prohibited by applicable federal, state, or local law.",YEARLY,123200.0,Full-time,FULL_TIME,1712348396000.0,ComplexOnsiteApply,Internship,1712348396000.0,kellyinternalta.avature.net,Full-time,FULL_TIME,USD,BASE_SALARY,33900.0,We are exploring ML methods (and may one day put a model into production),Coursera,3-4 years,Doctoral degree,1-2,Large,Entertainment,"Business intelligence software (Salesforce, Tableau, Spotfire, etc.)",No,98161.55777439784
9415.0,"2,000-2,999",25-29,Female,"Richmond, VA",Call Center Customer Service Representative,LHH,"LHH Recruitment Solutions is currently hiring for our client in the Richmond, VA area. This is a fully remote, contract position looking to start immediately. There are two shifts to choose from, 7:30am-4pm or 2pm-8:30pm. 
As a Call Center Representative, you will be responsible for handling incoming calls from customers, addressing their inquiries, resolving complaints, and providing exceptional customer service. You will work in a fast-paced environment, utilizing communication skills and problem-solving abilities to ensure customer satisfaction.
Key Responsibilities:Answer incoming calls promptly and professionally.Listen attentively to customer inquiries and provide accurate information or assistance.Address customer complaints and resolve issues promptly and efficiently.Utilize company policies and resources to provide appropriate solutions.Maintain a positive, empathetic, and professional attitude towards customers at all times.Keep records of customer interactions, transactions, comments, and complaints.Follow communication procedures, guidelines, and scripts.Identify and escalate priority issues to appropriate channels.Strive for first-call resolution and ensure follow-up if necessary.Stay updated on product knowledge and company policies.Collaborate with team members to improve customer service experience.Meet or exceed performance targets such as call handling time, resolution rate, and customer satisfaction metrics.
Qualifications:High school diploma or equivalent; college degree preferred.Previous experience in customer service or call center environment preferred but not required.Excellent verbal and written communication skills.Strong active listening and problem-solving skills.Ability to multitask, prioritize, and manage time effectively.Proficient in basic computer applications and data entry.Ability to work well in a team environment.Willingness to work flexible schedules, including evenings, weekends, and holidays if required.Empathetic and patient demeanor towards customers.Adaptability to handle stressful situations calmly and professionally.
Please apply today! This is a contract role starting immediately and paying $21hr.",HOURLY,74707.65,Contract,CONTRACT,1712666341000.0,ComplexOnsiteApply,Associate,1712666341000.0,www.careersingovernment.com,Contract,CONTRACT,USD,BASE_SALARY,23219.0,We are exploring ML methods (and may one day put a model into production),Coursera,3-4 years,Doctoral degree,1-2,Medium,Retail,"Business intelligence software (Salesforce, Tableau, Spotfire, etc.)",No,100614.16470812884
9439.0,"2,000-2,999",25-29,Female,"Houston, TX",Call Center Supervisor,The Reserves Network,"Job Description

Call Center Supervisor 

Pay Rate: $18 - $20/ hour

Location: Greenway

Hours: Monday-Friday 9am-6pm *subject to change, hours may change to a later shift.

Introduction Statement

A national law firm specializing in government debt collection is seeking a Call Center Supervisor to join their Toll Road Call Center team! The Supervisor's role is responsible for supervising Customer Service Representatives, ensuring compliance with the firm and clients legal and quality standards. This role plays an important role in achieving monthly collections goals and key performance indicators (KPI’s)

Responsibilities

Monitor calls to ensure proper compliance with client and firm standards.Handle escalated calls.Monitor progress of collectors in meeting monthly collection goal.Supervise call center collectors and train new-hires in toll collection process, and pertinent policies and procedures.

List Qualification Or Requirements

Previous call center experience or supervisory experience in a call center setting. Ability to resolve collector and collection issues in a professional manner.Strong leadership abilities.Ability to work within a team environment.

Benefits And Perks

Hiring immediately for a full-time position.Weekly pay and direct deposit.Join a collaborative and supportive work environment.During your employment with The Reserves Network, you can enroll in our benefits program, including medical (3 plans to choose from), dental, disability, critical illness, life, vision, accident, and behavioral health insurance. Additional benefits include 401K, direct deposit, and our referral bonus program! 

Your New Organization: Join a team that values its employees, and provides competitive compensation. Enjoy health, vision, and dental insurance plans, TRN fosters internal growth, has a great culture, and is dedicated to a fantastic mission.

How to Apply: Submit your application for consideration in this and other positions with The Reserves Network. Gain exclusive access to their mobile app for job notifications.

The Reserves Network, a veteran-founded and family-owned company, specializes in connecting exceptional talent with rewarding opportunities. With extensive industry experience, they are dedicated to helping you achieve your professional goals and shine in your field.

The Reserves Network values diversity and encourages applicants from all backgrounds to apply. As an equal-opportunity employer, they foster an environment of respect, integrity, and trust in every aspect of employment.",HOURLY,68003.4,Contract,CONTRACT,1712362999000.0,OffsiteApply,Mid-Senior level,1712362999000.0,jobs.trnstaffing.com,Contract,CONTRACT,USD,BASE_SALARY,77002.0,We are exploring ML methods (and may one day put a model into production),Coursera,3-4 years,Doctoral degree,1-2,Large,Entertainment,"Business intelligence software (Salesforce, Tableau, Spotfire, etc.)",No,98161.55777439784
11141.0,"2,000-2,999",25-29,Female,"Boise, ID",Clinical Lab Scientist,Trinity Health,"Employment Type

Part time

Shift

Day Shift

Description

At Saint Alphonsus Health System, we are looking for people who are living out their calling. We want you to be passionate about coming to work, and challenged to achieve your potential. Living by these virtues, we pride ourselves on exceptional service and the highest quality of care.

We are seeking a 20 hour a week Clinical Lab Scientist to work 20 hours a week during the daytime hours during the weekends and supporting colleagues who are enjoying scheduled time off.

General Summary And Purpose

Performs tests related to the diagnosis and treatment of patient by utilizing various medical laboratory procedures in the Clinical Laboratory. Correlates and integrates other patient data when interpreting test results. Uses professional judgment and has an in-depth knowledge of laboratory techniques, scientific principles, quality control, and instrument maintenance. Recognizes problems, identifies causes, and determines alternative methods and solutions.

Skills, Knowledge, Education And Experience

Bachelor's Degree Required.

Medical Technologist (MT), Medical Laboratory Scientist (MLS), Clinical Laboratory Scientist (CLS) or equivalent certification by the American Society for Clinical Pathology (ASCP) required or registry eligible and obtained within 1 year of hire date.

Completion of medical technology training required. Experience in a clinical laboratory preferred.

Performs, records and reviews scheduled QC. Takes immediate corrective action when QC data is outside established limits.

Performs and records routine maintenance of equipment. Recognizes and documents poor instrument performance and takes appropriate action independently.

Verifies specimen labeling, integrity and suitability before performing testing.

Accurately performs low, medium and high complexity testing procedures according to established protocols and regulatory requirements.

Reports test results accurately and appropriately. Reports critical test results to physician, nursing station or physician office according to established protocol.

Ability to prioritize work to maintain maximum efficiency. Uses spare time to assist other areas as needed.

Performs phlebotomy when needed according to laboratory policies and procedures.

Monitors supply inventory and takes appropriate action to ensure that needed supplies are readily available.

Reviews work performed by clinical laboratory assistants. Performs corrective actions if required.

Performs expected tasks without direction of supervisor.

Ensures accuracy of work being reported by assigned department. Examines review lists, pending logs and the like. Resolves problems immediately and communicates with oncoming shift, nurses/physicians as appropriate. Works independently and troubleshoots analyzers by calling tech support, etc.

Colleagues of Saint Alphonsus Health System enjoy competitive compensation with a full benefits package and opportunity for growth throughout SAHS and Trinity Health.

Visit www.saintalphonsus.org/careers to learn more about the benefits, culture and career development opportunities available to you at Saint Alphonsus Health System.

Saint Alphonsus and Trinity Health are committed to promoting diversity in its workforce and to providing an inclusive work environment where everyone is treated with fairness, dignity and respect. We are committed to recruit and retain a diverse staff reflective of the communities we serve. Saint Alphonsus and Trinity Health are equal opportunity employers and prohibit discrimination against any individual with regard to race, color, religion, gender, marital status, national origin, age, disability, sexual orientation, or any other characteristic protected by law.

Our Commitment to Diversity and Inclusion

Trinity Health is one of the largest not-for-profit, Catholic healthcare systems in the nation. Built on the foundation of our Mission and Core Values, we integrate diversity, equity, and inclusion in all that we do. Our colleagues have different lived experiences, customs, abilities, and talents. Together, we become our best selves. A diverse and inclusive workforce provides the most accessible and equitable care for those we serve. Trinity Health is an Equal Opportunity Employer. All qualified applicants will receive consideration for employment without regard to race, color, religion, sex, sexual orientation, gender identity, national origin, disability, status as a protected veteran, or any other status protected by law.

00504410",WEEKLY,61222.6,Part-time,PART_TIME,1712635740000.0,OffsiteApply,Mid-Senior level,1712635740000.0,jobs.trinity-health.org,Part-time,PART_TIME,USD,BASE_SALARY,83702.0,We are exploring ML methods (and may one day put a model into production),Coursera,3-4 years,Doctoral degree,1-2,Medium,Retail,"Business intelligence software (Salesforce, Tableau, Spotfire, etc.)",No,100614.16470812884
10031.0,"90,000-99,999",35-39,Male,"Melbourne, FL",Certified Nursing Assistant (CNA),Life Care Centers of America,"Position Details

Employment Status: Full-TimeSalary: 16.50 - 19.53 HourlyShift: 7am - 3pm

Come and grow with us! We are affiliated with Life Care Centers of America, which is a privately owned 47-year industry leader in healthcare with more than 200 locations across the U.S. We are currently seeking a qualified Certified Nursing Assistant (C N A) to add to our team of professionals. We believe that every job in our company plays a vital role in our continued growth and commitment to provide quality patient care. We believe in providing our associates with opportunities to help them reach their maximum potential through working with strong multidisciplinary teams. We invite you to come and join our growing team.

As an important member of our interdisciplinary team, the CNA is responsible for providing routine daily nursing care to assigned patients in accordance with all applicable laws, regulations, and Life Care standards. Your daily responsibilities will be to deliver direct care to patients (bathing, feeding, grooming, toileting, etc.) as directed. Join our team and help make a difference in the lives of our patients and family members.

Education, Experience, And Licensure Requirements

High school diploma or equivalentGraduate of a State-approved CNA programCurrently registered/licensed in applicable State. Must maintain an active license in good standing throughout employment. One (1) year skilled nursing experience preferredCPR certification upon hire or obtain during orientation. CPR certification must remain current during employment. 

Specific Job Requirements

Make independent decisions when circumstances warrant such actionExhibit excellent customer service and a positive attitude towards patientsCommunicate and function productively on an interdisciplinary teamMaintain professional working relationships with all associates, vendors, etc. 

An Equal Opportunity Employer",HOURLY,50820.952000000005,Full-time,FULL_TIME,1712374714000.0,OffsiteApply,Entry level,1712374714000.0,lifecarecareers.hcshiring.com,Full-time,FULL_TIME,USD,BASE_SALARY,32901.0,We are exploring ML methods (and may one day put a model into production),Coursera,20+ years,I prefer not to answer,15-19,Large,Manufacturing,"Business intelligence software (Salesforce, Tableau, Spotfire, etc.)",No,97449.31772671336
10070.0,"2,000-2,999",25-29,Female,"Owen, WI",Certified Nursing Assistant (CNA) - Weekend Warrior!,Health Dimensions Group,"Clark County Rehab & Living Center is a long-term care facility with specialty in Alzheimer’s, dementia, rehabilitation, behavioral and custodial care. Previous experience in long-term care desired, but we will provide training to motivated applicants. Drug screening, caregiver background check, and current WI license required for all selected candidates.

Location: Owen, WI

Responsibilities And Duties

The Certified Nursing Assistants provide a safe environment, assist with activities of daily living per the individualized plan of care or program plan, give emotional and social support, and attend to the resident's physical comfort.

Essential Duties And Responsibilities

 Perform resident care needs alone or with another staff member giving total care or assisting residents with: Provide bed bath, tub bath or shower to residents. Provide oral, hair and nail care, shaving, dressing and undressing, application of make-up. Provide elimination needs including toileting by offering bedpan, urinal or taking to bathroom. Ambulate, transfer, or help change position by using assistive devices such as a walker, wheelchair, mechanical lift, gait belt or lift sheets. Provide meals & snacks to residents according to established protocols, maintain intake and output as requested, weigh residents as instructed. Participate in activities as directed for those who are cognitively impaired. Assist in providing quality care to all residents throughout the shift. Answer all call lights promptly. Take and record temperature, pulse, respiration, and blood pressures. Observe and report physical and/or behavioral changes immediately to charge nurse. Perform all resident care as assigned and according to plan of care, nursing department policies, and procedures. Participate in care conferences of residents. Assure that all residents’ rights are maintained at all times. Report any violations or suspected deviations according to facility policies. Follow all safety, security, infection control and hazardous materials policies and procedures. Perform all tasks to assure resident and personal safety and the protection of facility property. Provide a pleasant and cooperative working environment within Nursing Service. Work tactfully and cooperatively with residents, families, visitors and the entire staff throughout the facility. Know and follow existing lines of communication and authority. Attend department meetings and seminars as requested. Work the assigned schedule to meet the needs of the department . Maintain confidentiality of all the department and organizational information. Attend mandatory in-service training and complete at least 12 hours of in-service training annually.

Qualifications And Skills

 Individuals must have a valid CNA certification prior to hire.

Schedule

 This position will work 3 weekends per month on Friday, Saturday and Sunday from 2:00-10:00pm.

Salary: $35.00/hour",HOURLY,42010.676,Full-time,FULL_TIME,1712865527000.0,OffsiteApply,Entry level,1712865527000.0,recruiting2.ultipro.com,Full-time,FULL_TIME,USD,BASE_SALARY,54460.0,We are exploring ML methods (and may one day put a model into production),Coursera,3-4 years,Doctoral degree,1-2,Large,Entertainment,"Business intelligence software (Salesforce, Tableau, Spotfire, etc.)",No,98161.55777439784
4496.0,"90,000-99,999",35-39,Male,"Newark, NJ",Associate Actuary,Prudential Financial,"Job Classification:

Actuarial - Actuarial

At Prudential, we believe talent is key to achieving our vision. When you join Prudential, you’ll unlock a motivating and impactful career – all while growing your skills and advancing your profession at one of the world’s leading financial services institutions!

The GAAP Valuation team within the Individual Life Insurance (ILI) Valuation function is responsible for preparing the actuarial portion of the GAAP results and the underlying earnings story of the Individual Life business. The team is seeking an Associate Actuary to help drive execution of the monthly production process and produce insightful analytics that crisply explain results to business partners and management. The ideal candidate will have a focus on, and ownership mentality of, all reporting-related tasks and a passion for developing insights for business partners and ILI management to drive business outcomes.

The current EWA for this position is Hybrid and requires your on-site presence on a reoccurring basis as determined by your business. Your manager will provide additional details relative to the specific number of days you are expected to be on-site.

What you can expect:

Complete quarterly production tasks in a timely manner to support reporting of various GAAP balances (DAC, URR, Net Liability Reserves, SOP03-1, Cost of Reinsurance, Loss Recognition, and FAS133 Embedded Derivative), which may include review of inputs received from business partners, valuation system runs, and preparation of reports and analytics. Assist with ad-hoc strategic initiatives (e.g. Potential Reinsurance transactions, Annual Assumption Unlock quantifications, and Sensitivities analysis). Produce insightful analytics around quarterly GAAP valuation processes to drive business insights, linking actuarial movements to underlying drivers of the ILI business. Exhibit an ownership mentality with business partner deliverables (Finance, Forecasting) to thoroughly understand downstream uses to drive insights and outcomes. Utilize available technology (e.g. SQL, Python, PowerBI) to develop and expand reporting tools and analytics for more efficient and effective communication of results to management and stakeholders. Proactively analyze predictors of reserve balances to ILI management and business partners. Work closely with Modeling associates to perform user acceptance testing of enhancements to ILI valuation system and Liability Data Warehouse to ensure accuracy of amounts booked to ledger accounts and attributions of GAAP balances. 

Qualifications

Strong organizational and project management skills coupled with a high degree of curiosity on current processes and systems. Strong analytics skills and ability to critically review own work and work product of other team members. Ability to collaborate to develop creative yet practical solutions to challenging problems to meet the needs of our customers. Ability to partner effectively with colleagues across multiple time zones, business groups, and corporate areas. Excellent oral and written communication skills. 3+ years of experience, with progress toward FSA designation. Coding (SQL, Python, vba), prior actuarial model experience (Poly, AXIS, ALFA, Prophet), and/or familiarity with individual life insurance products or GAAP reporting requirements desired but not required. 

Prudential welcomes all applicants, even if you don't meet every requirement. If your skills align with the role, we encourage you to apply.

At Prudential, you can:

We equip and empower our employees to expand their skills and experience by using powerful learning, gigs, and job opportunities. We offer a suite of services including 1:1 Career advice, on demand resources and networking to propel your career forward.

We’re a global organization, full of outstandingly dedicated people who aren’t afraid to think differently, challenge the status quo and take sensible risks along the way. You will enjoy pushing boundaries as we build innovative technology that helps clients, customers and employees live their best lives. You will have access to leadership and learning opportunities and the resources needed to take your career in any direction. We will help you do your best work, offering flexibility, while delivering on our Purpose.

What we offer you:

Market competitive base salaries, with a yearly bonus potential at every levelMedical, dental, vision, life insurance, disability insurance, Paid Time Off (PTO), and leave of absences, such as parental and military leaveRetirement plans:401(k) plan with company match (up to 4%)Company-funded pension planWellness Programs to help you achieve your wellbeing goals, including up to $1,600 a year for reimbursement of items purchased to support personal wellbeing needsWork/Life Resources to help support topics such as parenting, housing, senior care, finances, pets, legal matters, education, emotional and mental health, and career development. Tuition Assistance to help finance traditional college enrollment toward obtaining an approved degree, many accredited certificate programs, and industry designations. Employee Stock Purchase Plan: Shares can be purchased at 85% of the lower of two prices (Beginning or End of the purchase period), after one year of service. 

To find out more about our Total Reward package, see our Total Rewards Brochure. Some of the above benefits may not apply to part-time employees scheduled to work less than 20 hours per week.

Note: Prudential is required by state specific laws to include the salary range for this role when hiring a resident in applicable locations. The salary range for this role is from $115,800.00 to $172,300.00. Specific pricing for the role may vary within the above range based on many factors including geographic location, candidate experience, and skills. Roles may also be eligible for additional compensation and/or benefits. Eligibility to participate in a discretionary annual incentive program is subject to the rules governing the program, whereby an award, if any, depends on various factors including, without limitation, individual and organizational performance. In addition, employees are eligible for standard benefits package including paid time off, medical, dental and retirement.

Prudential Financial, Inc. of the United States is not affiliated with Prudential plc. which is headquartered in the United Kingdom.

Prudential is a multinational financial services leader with operations in the United States, Asia, Europe, and Latin America. Leveraging its heritage of life insurance and asset management expertise, Prudential is focused on helping individual and institutional customers grow and protect their wealth. The company's well-known Rock symbol is an icon of strength, stability, expertise and innovation that has stood the test of time. Prudential's businesses offer a variety of products and services, including life insurance, annuities, retirement-related services, mutual funds, asset management, and real estate services.

We recognize that our strength and success are directly linked to the quality and skills of our diverse associates. We are proud to be a place where talented people who want to make a difference can grow as professionals, leaders, and as individuals. Visit www.prudential.com to learn more about our values, our history and our brand.

Prudential is an equal opportunity employer. All qualified applicants will receive consideration for employment without regard to race, color, religion, national origin, ancestry, sex, sexual orientation, gender identity, national origin, genetics, disability, marital status, age, veteran status, domestic partner status , medical condition or any other characteristic protected by law.

The Prudential Insurance Company of America, Newark, NJ and its affiliates.

Note that this posting is intended for individual applicants. Search firms or agencies should email Staffing at staffingagencies@prudential.com for more information about doing business with Prudential.

PEOPLE WITH DISABILITIES:

If you need an accommodation to complete the application process, which may include an assessment, please email accommodations.hw@prudential.com.

Please note that the above email is solely for individuals with disabilities requesting an accommodation. If you are experiencing a technical issue with your application or an assessment, please email careers.technicalsupport@prudential.com to request assistance.",MONTHLY,39249.188,Full-time,FULL_TIME,1712370627000.0,OffsiteApply,Entry level,1712370627000.0,pru.wd5.myworkdayjobs.com,Full-time,FULL_TIME,USD,BASE_SALARY,7102.0,We are exploring ML methods (and may one day put a model into production),Coursera,20+ years,I prefer not to answer,15-19,Large,Manufacturing,"Business intelligence software (Salesforce, Tableau, Spotfire, etc.)",No,97449.31772671336
9963.0,"2,000-2,999",25-29,Female,"Hackensack, NJ",Certified Home Health Aide CHHA Bergen County,Elara Caring ,"Job Description

Job Description

We love people who care for people. Join our Elara Caring family as a Caregiver.

Weekday Base Pay: $18.00. Private Duty Cases 

Why Join the Elara Caring mission?

Teamwork environmentcompetitive compensation packageWeekly or Daily paycheckBilingual opportunities availableFlexible scheduleComprehensive onboarding and mentorshipOpportunities for advancementMedical, dental, and vision benefits, 401K match.

Special Employee Benefits

Holiday Pay (where applicable)Higher Pay on Weekends & Evenings (where applicable)Sick time off (40 hours)Annual Performance IncentiveAnnual Pay Raise

What is Required?

Passion for helping people including bathing, housekeeping, and meal prep.Reliable transportation to perform job responsibilities.Occasional heavy lifting: Ability to work for extended periods of time while standing and being involved in physical activity.NJ Certified Home Health Aide (CHHA) License.

You will report to the Care Team Supervisor.

This is not a comprehensive list of all job responsibilities; a full job description will be provided.

Elara Caring participates in E-Verify and we will provide the Federal Government with your Form I-9 information to confirm that you are authorized to work in the United States. Employers like Elara Caring can only use E-Verify once you have accepted the job offer and completed the Form I-9.

If you are an individual with a disability and are unable or limited in your ability to use or access our career site as a result of your disability, you may request reasonable accommodations by reaching out to recruiting@elara.com. 

Elara Caring provides equal employment opportunities to all employees and applicants for employment and prohibits discrimination and harassment of any type without regard to sex (including pregnancy, childbirth or related medical conditions), race, color, age (40 and older), national origin, religion, disability, genetic information, marital status, sexual orientation, gender identity, gender reassignment, protected veteran status, or any other basis prohibited under applicable federal, state or local law.   

Elara Caring participates in E-Verify and we will provide the Federal Government with your Form I-9 information to confirm that you are authorized to work in the United States. Employers like Elara Caring can only use E-Verify once you have accepted the job offer and completed the Form I-9.

If you are an individual with a disability and are unable or limited in your ability to use or access our career site as a result of your disability, you may request reasonable accommodations by reaching out to recruiting@elara.com. 

Click below for a glimpse into the day in the life of an Elara Caregiver!",HOURLY,57010.0,Part-time,PART_TIME,1713279142000.0,OffsiteApply,Entry level,1713279142000.0,careers.elara.com,Part-time,PART_TIME,USD,BASE_SALARY,7601.0,We are exploring ML methods (and may one day put a model into production),Coursera,3-4 years,Doctoral degree,1-2,Large,Entertainment,"Business intelligence software (Salesforce, Tableau, Spotfire, etc.)",No,98161.55777439784
6646.0,"2,000-2,999",25-29,Female,"Boise, ID",Bookkeeper,Boise Contemporary Theater,"Company DescriptionBoise Contemporary Theater is a professional theater company located in the heart of Boise's Cultural District in Boise, Idaho. Our Mainstage season runs from October through May and features both equity and non-equity actors. In addition to our Mainstage productions, we also host the 5X5 Reading Series, 5X5 WEST, Children's Reading Series, and our Music Series. As part of our commitment to arts education and outreach, we have a well-known education program called BCT Theater Lab, which offers scholarship programs for Idaho's youth.
Role DescriptionThis is an on-site contract role for a Bookkeeper at Boise Contemporary Theater in Boise, ID. The Bookkeeper will be responsible for managing financial statements, bookkeeping, and journal entries using accounting software. The role will also involve working closely with the Managing Director and Board Finance Committee to ensure accurate and up-to-date financial records.
QualificationsExperience in financial statements and bookkeepingProficiency in accounting software, particularly QuickbooksKnowledge of finance principlesAbility to create and manage journal entriesAttention to detail and accuracyStrong organizational and time management skillsExcellent communication and interpersonal skillsExperience in the performing arts industry is a plusExperience in accounting, finance, or related field
Duties and Responsibilities ● Processing income and receipts and entering data into Quickbooks, maintaining clear digital and physical records ● Preparing monthly financial statements with CPA for Board of Directors● Paying vendor invoices and tracking bank account and credit card balances ● Preparing employee and contractor wages on a weekly basis ● Completing Sales Tax payments each month ● Work with CPA to complete annual audit ● Support Managing Director with annual budget ● Assist with additional administrative tasks as needed 
Work EnvironmentBoise Contemporary is a highly collaborative, high-energy work place. Performance and Education programming changes every 6-10 weeks while the day to day work remains relatively consistent",HOURLY,20.0,Contract,CONTRACT,1713393648000.0,ComplexOnsiteApply,Executive,1713393648000.0,jobs.rexel.com,Contract,CONTRACT,USD,BASE_SALARY,83702.0,We are exploring ML methods (and may one day put a model into production),Coursera,3-4 years,Doctoral degree,1-2,Medium,Retail,"Business intelligence software (Salesforce, Tableau, Spotfire, etc.)",No,100614.16470812884
1318.0,"2,000-2,999",25-29,Female,United States,Account Executive *REMOTE*,Talentify.io,"Account Executive (Outside Sales) Hiring Company does work that matters, and we do it with people that matter. We encourage and empower our team members to pave their own career path, grow their skills, learn from each other, and bring forward those outside-the-box ideas. We care about the whole person and

Talentify helps candidates around the world to discover and stay focused on the jobs they want until they can complete a full application in the hiring company career page/ATS.",MONTHLY,90862.2,Full-time,FULL_TIME,1712653944000.0,OffsiteApply,Mid-Senior level,1712653944000.0,tfy.io,Full-time,FULL_TIME,USD,BASE_SALARY,17181.6,We are exploring ML methods (and may one day put a model into production),Coursera,3-4 years,Doctoral degree,1-2,Large,Entertainment,"Business intelligence software (Salesforce, Tableau, Spotfire, etc.)",No,98161.55777439784
8835.0,"2,000-2,999",25-29,Female,"Chapel Hill, NC",CERTIFIED NURSING ASSISTANT - PARKVIEW HEALTH AND REHABILITATION CENTER,Liberty Healthcare and Rehabilitation Services,"
Liberty Cares
With Compassion

***$5,000 Sign on Bonus***
At Liberty Healthcare and Rehabilitation Services, we promote a challenging, but rewarding opportunity in a caring environment. 
We are currently seeking an experienced:

CERTIFIED NURSING ASSISTANT (CNA)

Full Time, Nights

Job Description: Assist residents with bathing, dressing, personal hygiene, and all ADL’s as needed during shift. Assist with oral hygiene including denture care when getting up in the morning, after meals, at bedtime, and/or when needed. Completes patient care records at end of shift, including accurate I and O. Performs other duties as assigned. Assist charge nurse with resident needs and treatments as directed.


Job Requirements: 18 years of age or older and have a high school diploma or equivalent. Certified nursing assistant, listed in the DFS registry. Willing to care for geriatric patients and have a genuine concern for their welfare. Willing to receive, understand, and follow orders. Attend in-service training and other staff meetings as required.

Visit www.libertyhealthcareandrehab.com for more information.
Background checks/drug-free workplace.
EOE. 
PI239311441",WEEKLY,121237.0,Full-time,FULL_TIME,1712666381000.0,OffsiteApply,Entry level,1712666381000.0,www.click2apply.net,Full-time,FULL_TIME,USD,BASE_SALARY,27514.0,We are exploring ML methods (and may one day put a model into production),Coursera,3-4 years,Doctoral degree,1-2,Large,Entertainment,"Business intelligence software (Salesforce, Tableau, Spotfire, etc.)",No,98161.55777439784
8849.0,"2,000-2,999",25-29,Female,"Candler, NC",CERTIFIED NURSING ASSISTANT - PISGAH MANOR,Liberty Healthcare and Rehabilitation Services,"
Liberty Cares
With Compassion
****$3,600 Sign on Bonus Available****
At Liberty Senior Living is currently seeking an experienced: 

CERTIFIED NURSING ASSISTANT (CNA)

Full Time, Evenings - (3pm - 11pm)

Job Description: Assist residents with bathing, dressing, personal hygiene, and all ADL’s as needed during shift. Assist with oral hygiene including denture care when getting up in the morning, after meals, at bedtime, and/or when needed. Completes patient care records at end of shift, including accurate I and O. Performs other duties as assigned. Assist charge nurse with resident needs and treatments as directed.


Job Requirements: 18 years of age or older and have a high school diploma or equivalent. Certified nursing assistant, listed in the DFS registry. Willing to care for geriatric patients and have a genuine concern for their welfare. Willing to receive, understand, and follow orders. Attend in-service training and other staff meetings as required.

Visit www.libertyhealthcareandrehab.com for more information.
Background checks/drug-free workplace.
EOE. 
PI239204237",YEARLY,60000.0,Full-time,FULL_TIME,1712402198000.0,OffsiteApply,Executive,1712402198000.0,www.click2apply.net,Full-time,FULL_TIME,USD,BASE_SALARY,28715.0,We are exploring ML methods (and may one day put a model into production),Coursera,3-4 years,Doctoral degree,1-2,Large,Entertainment,"Business intelligence software (Salesforce, Tableau, Spotfire, etc.)",No,98161.55777439784
3766.0,"2,000-2,999",25-29,Female,"Lincoln, CA",Assistant Civil Engineer,Insight Global,"Required Skills and Experience *· Bachelor's degree in any engineering discipline· 2+ years of experience in Civil or Environmental Engineering, with field experience· Understanding of construction design, land development, traffic engineering, transportation planning, solid waste management/landfill operation, dependent special district engineering/administration, or flood control district engineering/ administration.· Proficient in MS Office applicationsValid drivers license
Nice to Have Skills and ExperienceExperience in solid waste civil engineering
Job Description *Job Description:Department of Public Works - Western Placer Waste Management Authority (WPWMA): This division is a Joint Powers Authority comprised of Placer County and the cities of Lincoln, Rocklin, and Roseville, and serves the waste and recycling needs for most Placer County residents and businesses - excluding the Tahoe and Truckee area. The WPWMA campus consists of a mixed-waste Materials Recovery Facility, a Construction & Demolition recycling facility, composting facilities, a household hazardous waste facility, recycling buyback and public drop off facilities in addition to the only active landfill in Placer County.
Duties and Responsibilities:· Recommend and assist in the implementation of assigned unit goals and objectives; establish schedules and methods for assigned area of responsibility; implement policies and procedures.· Evaluate operations and activities of assigned responsibilities; recommend improvements and modifications; prepare various reports on operations and activities.· Participate in budget preparation and administration; prepare cost estimates for budget recommendations; submit justifications for staff and equipment; monitor and control expenditure.· Participate in the selection of staff; provide or coordinate staff training; conduct performance evaluations; recommend discipline; implement discipline procedures as directed.· Answer questions and provide information to the public; investigate complaints and recommend corrective action as necessary to resolve complaints.· Build and maintain positive working relationships with co-workers, other County employees and the public using principles of good customer service.· Perform related duties as assigned.
Ability to:· On a continuous basis, know and understand all aspects of the job; intermittently analyze work papers, reports and special projects; identify and interpret technical and numerical information; observe and problem solve operational situations, technical policies and procedures.· On a continuous basis, sit at desk for long periods of time; intermittently, bend, squat, climb, kneel and twist while performing occasional field work; intermittently twist to reach equipment surrounding desk; perform simple grasping and fine manipulation; use telephone, and write or use a keyboard to communicate through written means; regularly lift heavy weight.· Interpret and explain pertinent County and department policies and procedures.· Assist in the development and monitoring of an assigned program budget.· Develop and recommend policies and procedures related to assigned operations.· Establish and maintain effective working relationships with those contacted in the course of work.· Work with various cultural and ethnic groups in a tactful and effective manner.· Communicate clearly and concisely, both orally and in writing.",MONTHLY,24439.35,Contract,CONTRACT,1713279888000.0,ComplexOnsiteApply,Mid-Senior level,1713279888000.0,careers.servicenow.com,Contract,CONTRACT,USD,BASE_SALARY,95648.0,We are exploring ML methods (and may one day put a model into production),Coursera,3-4 years,Doctoral degree,1-2,Large,Entertainment,"Business intelligence software (Salesforce, Tableau, Spotfire, etc.)",No,98161.55777439784
1052.0,"90,000-99,999",35-39,Male,"Brentwood, TN","AVP, Talent Acquisition",Lifepoint Health®,"LifePoint Health is a leading healthcare organization committed to providing compassionate, quality care to communities across the United States. With a focus on patient-centered care and clinical excellence, we are dedicated to attracting top talent to join our dynamic team and help us fulfill our mission of Making Communities Healthier.
We are seeking an experienced and strategic-minded Assistant Vice President (AVP) of Talent Acquisition to join our team. This role will be responsible for leading the development and execution of talent acquisition strategies, ensuring alignment with organizational goals and objectives. As a subject matter expert, the AVP will play a key role in shaping the future of our workforce. 
Key Responsibilities:Strategic Alignment: Collaborate closely with leadership to align talent acquisition resources with business needs, ensuring a 'best in class' service delivery mindset.Stakeholder Engagement: Develop and maintain relationships with key stakeholders, including Operations leadership, HR Business Partners, and external partners such as vendors and search firms.Team Leadership: Lead, mentor, and evaluate the performance of the strategic recruiting team, driving departmental objectives and fostering a culture of excellence.Candidate Experience: Utilize industry knowledge and trends to enhance the candidate experience, ensuring a seamless and positive journey for all applicants.Recruitment Marketing: Partner with the Recruitment Marketing team to identify growth strategies and implement employer branding initiatives to attract top talent.Compensation Alignment: Collaborate with the compensation team to ensure job offers are competitive within the market.Data-Driven Decision Making: Leverage data to assess the effectiveness of recruitment initiatives and make strategic decisions to drive continuous improvement.Additional Information:Regulatory Compliance: Exhibit an understanding of healthcare regulatory and compliance requirements, including HIPAA.Supervisory Responsibilities: Manage, train, and develop team members, ensuring quality standards and performance objectives are met.
Qualifications:
Education: Bachelor's Degree or equivalent experience.
Experience: Minimum of 7 years in recruiting/human resources, with at least 3 years in a leadership role.
At LifePoint Health, we are committed to excellence in patient care and employee satisfaction. Joining our team means being part of a healthcare organization that is dedicated to Making Communities Healthier and providing opportunities for professional growth and development. We offer competitive compensation, comprehensive benefits, and the chance to make a meaningful difference in the lives of others. 
If you are passionate about talent acquisition and driving success in healthcare, we want to hear from you. Apply now to join our team as the AVP of Talent Acquisition and help shape the future of healthcare delivery at LifePoint Health.",MONTHLY,52143.458,Full-time,FULL_TIME,1712639230000.0,ComplexOnsiteApply,Director,1712639230000.0,www.careers.msccruises.com,Full-time,FULL_TIME,USD,BASE_SALARY,37027.0,We are exploring ML methods (and may one day put a model into production),Coursera,20+ years,I prefer not to answer,15-19,Large,Manufacturing,"Business intelligence software (Salesforce, Tableau, Spotfire, etc.)",No,97449.31772671336
9918.0,"2,000-2,999",25-29,Female,"Battle Creek, MI",Central Supply Coordinator,Ciena Healthcare,"The Central SupplyCoordinator/Schedulerprovides staffing and scheduling for the nursing staff to ensure that the highest degree of quality care can be provided to our residents at all times. In this role, you will also monitor inventory and order supplies.

Laurel Health Care Company offers one of the leading employee benefit packages in the skilled nursing industry, including health insurance, 401K with matching funds, paid time off and paid holidays. When you work with Laurel Health Care Company, you will join an experienced, hard-working team that values communication and collaboration.

Why just work when you can help shape a legacy?

Responsibilities:

Prepares schedule for the nursing department by scheduling all Licensed Nurses (RN/LPN) and C.N.A.’s to ensure state mandated staffing ratios (PPD) are maintained.Monitor overtime and make daily staffing adjustments according to census needs.Maintain daily roster sheets for each shift.Daily review of previous day’s time clock punches with schedules.Monitor inventory of supplies, recommend replenishing supply orders.


Qualifications:

High school diploma or equivalent

STNA certification preferred

Required Nurse Aide

About Laurel Health Care Company

Laurel Health Care Company (The Laurels) is a national provider of skilled nursing, subacute, rehabilitative and assisted living services dedicated to achieving the highest standards of care.

At The Laurels, caring is more than providing excellent medical and guest services. It's also being a companion, and treating each guest with the utmost dignity, respect and compassion. It's what we call ""The Laurel Way of Caring"", and it comes from within each one of us.

The Laurels was named a Great Place to Work for 2020 based on approximately 3,500 employee surveys that evaluated more than 60 elements of employee experience on the job, including employee pride in community impact, belief that their work makes a difference, and feeling their work has special meaning.",MONTHLY,35347.0,Full-time,FULL_TIME,1712886568000.0,OffsiteApply,Entry level,1712886568000.0,jobs.apploi.com,Full-time,FULL_TIME,USD,BASE_SALARY,49014.0,We are exploring ML methods (and may one day put a model into production),Coursera,3-4 years,Doctoral degree,1-2,Large,Entertainment,"Business intelligence software (Salesforce, Tableau, Spotfire, etc.)",No,98161.55777439784
6997.0,"100,000-124,999",22-24,Male,Algeria,Business Analyst,Publicis Imagine,"JOB TITLE: Commercial Account ExecutiveJOB TYPE: FLSA ExemptREPORTS TO: Director of Client Services – Business Insurance/Property & Casualty
ESSENTIAL DUTIES & RESPONSIBILITIES:DocumentationManage the Client Insurance Program, utilizing agency management system. As a matter of routine, manages larger and more complex accounts than the Associate Account Executive. Duties include those that are done directly (higher level) or accomplished through other resources (i.e. assigned Account Managers or external resources) and not limited to: A point of contact with the ProducerInitiate correspondence with the marketplaceAct as a contact with vendors to ensure proper processing of requests necessary to effectively maintain the client’s insurance programMaintain positive client relationship and have the ability to analyze situations, make reasonable decisions and follow-through.Begin to demonstrate a consultative ability to instruct and guide the clientManage upcoming deadlines and events (perhaps under direction of Executive Team Lead, Sr. Account Executive, or Producer), informing and updating the Producer, as needed.Manage Accounts ReceivablesManage Direct Billing with respect to CancellationsResponsible for ensuring the following are accomplished (via delegation to Account Managers or external resources):Create Acord applications, including Supplementals, as needed, for submissions to Marketing Department and/or carriers.Create and complete COPE spreadsheets, as needed.Prepare Loss SummariesPrepare proposals for renewal termsIssue Acord Insurance Binders for renewal termsInitiate Premium Finance RequestsPrepare Schedules of Insurance for delivery to clientPrepare policies for delivery to clientProcess Policy Audits and Monthly ReportsIdentify and resolve Accounting discrepanciesCreate requests for changes to client’s coveragesProcess mail and phone requests on daily basisPrepare Acord applicationsPrepare documents for renewal terms, including Insurance Proposals, Acord Insurance Binders and Certificates of InsuranceAdhere to document retention software documentation guidelinesPerform Quality check and control on insurance policies in their entiretyIn absence of more senior team members, provide direction and guidance to other members when appropriate  TeamworkFunction as team member of the Client Services team to ensure superior service to all MMA Clients. These activities include but are not limited to:Delegate tasks to Account Managers, as well as outsourcing teams, as appropriate.Ensure tasks from both Account Manager and outsourcing team are completed as directedEnsure Account Manager is performing all tasks as outlined in the MMA Assistant Account Manager or Account Manager Job DescriptionTreat clients, prospects, and company employees with courtesy and respect.Contribute to a team approach toward meeting goals and providing excellent client service.Coordinate and monitor usage and quality of outsourcing teamsSupport the training and growth of the Account Manager, being a part of their training and development Technical ExpertiseDemonstrate the technical expertise to assist in maintaining the Client Insurance Program. These duties include but are not limited to:o Analyze insurance quotes and make recommendationso Comprehend and interpret Insurance Contract requirements for Certificateso Communicate with insurance carriers as neededo Communicate with clients as neededo Client facing meeting as required, either in-house or offsiteo Become proficient using premium analysis software.o Utilize carrier online rating programs as necessary.Maintain knowledge of policy forms and endorsements with ability to explain detailed coverage provisions to the client and Account ManagerDesign insurance program for client based on defined needsUtilize agency management system to monitor pre-defined activities (policies past expiration, aged A/R, SIC codes, etc.)Identify and address any coverage gaps with producer, carrier and clientBegin to become subject matter expert and resource in area of interest or technical capability.
REQUIREMENTS: Licensed: Texas P&C Agent preferredEducation: Bachelor’s Degree, preferredo (Internal) 18-36 months of Associate Account Executive experience preferredo (External) Minimum of 3-5 years of midmarket Commercial Account Manager experience preferredo Completion of CIC and CRM preferredo If no designation, then 5-7 years of experience as an Account Manager preferredo Demonstrate ability to multi-task and prioritize worko Willingness to work to meet client needs beyond scheduled hours.o Proficient at Word, Excel, and current internet technologies.o Demonstrate proactive work style - Does not have to be asked or reminded of tasks. o Ability to learn, analyze and comprehend commercial lines of insurance.o Demonstrate ability to service clients effectively through problem solving, appropriate confidentiality, diplomacy, sensitivity and tactfulnesso Demonstrate track record of interacting with, meeting with and partnering with assigned clients to achieve mutually desired outcomes via routine client contact by phone, e-mail and periodic meetings and planning sessions.",MONTHLY,75004.4,Contract,CONTRACT,1712774813800.0,OffsiteApply,Internship,1712774813800.0,jobs.chicos.com,Contract,CONTRACT,USD,BASE_SALARY,49629.8,No (we do not use ML methods),Coursera,20+ years,No formal education past high school,15-19,Medium,Manufacturing,"Business intelligence software (Salesforce, Tableau, Spotfire, etc.)",No,100099.61130963592
