Unnamed: 0,job_id,company_name,title,description,max_salary,pay_period,location,company_id,views,med_salary,min_salary,formatted_work_type,applies,original_listed_time,remote_allowed,job_posting_url,application_url,application_type,expiry,closed_time,formatted_experience_level,skills_desc,listed_time,posting_domain,sponsored,work_type,currency,compensation_type,normalized_salary,zip_code,fips
0,921716,Corcoran Sawyer Smith,Marketing Coordinator,"Job descriptionA leading real estate firm in New Jersey is seeking an administrative Marketing Coordinator with some experience in graphic design. You will be working closely with our fun, kind, ambitious members of the sales team and our dynamic executive team on a daily basis. This is an opportunity to be part of a fast-growing, highly respected real estate brokerage with a reputation for exceptional marketing and extraordinary culture of cooperation and inclusion.Who you are:You must be a well-organized, creative, proactive, positive, and most importantly, kind-hearted person. Please, be responsible, respectful, and cool-under-pressure. Please, be proficient in Adobe Creative Cloud (Indesign, Illustrator, Photoshop) and Microsoft Office Suite. Above all, have fantastic taste and be a good-hearted, fun-loving person who loves working with people and is eager to learn.Role:Our office is a fast-paced environment. You’ll work directly with a Marketing team and communicate daily with other core staff and our large team of agents. This description is a brief overview, but your skills and interests will be considered in what you work on and as the role evolves over time.Agent Assistance- Receive & Organize Marketing Requests from Agents- Track Tasks & Communicate with Marketing team & Agents on Status- Prepare print materials and signs for open houses- Submit Orders to Printers & Communicate & Track DeadlinesGraphic Design & Branding- Managing brand strategy and messaging through website, social media, videos, online advertising, print placement and events- Receive, organize, and prioritize marketing requests from agents- Fulfill agent design requests including postcards, signs, email marketing and property brochures using pre-existing templates and creating custom designs- Maintain brand assets and generic filesEvents & Community- Plan and execute events and promotions- Manage Contacts & Vendors for Event Planning & SponsorshipsOur company is committed to creating a diverse environment and is proud to be an equal opportunity employer. All qualified applicants will receive consideration for employment without regard to race, color, religion, gender, gender identity or expression, sexual orientation, national origin, genetics, disability, age, or veteran status.Job Type: Full-time
Pay: $18-20/hour
Expected hours: 35 – 45 per week
Benefits:Paid time offSchedule:8 hour shiftMonday to FridayExperience:Marketing: 1 year (Preferred)Graphic design: 2 years (Preferred)Work Location: In person
",20.0,HOURLY,"Princeton, NJ",2774458.0,20.0,,17.0,Full-time,2.0,1713397508000.0,,https://www.linkedin.com/jobs/view/921716/?trk=jobs_biz_prem_srch,,ComplexOnsiteApply,1715989508000.0,,,"Requirements: 

We are seeking a College or Graduate Student (can also be completed with school) with a focus in Planning, Architecture, Real Estate Development or Management or General Business. Must be able to work in an extremely fast paced environment and able to multitask and prioritize.",1713397508000.0,,0,FULL_TIME,USD,BASE_SALARY,38480.0,8540.0,34021.0
1,1829192,,Mental Health Therapist/Counselor,"At Aspen Therapy and Wellness , we are committed to serving clients with best practices to help them with change, improvements and better quality of life. We believe in providing a secure, supportive environment to grow as a clinician and learn how to foster longevity in the career which is part of our mission statement.
Thank you for taking the time to explore a career with us. We are excited to be a new group practice in the community. If you are looking for quality supervision as you work towards licensure and ability to serve populations while accepting a variety of insurance panels, we may be a good fit. Our supervisors are trained in EMDR and utilize a parts work perspective with a trauma lens.
We are actively looking to hire a therapist in the area who is passionate about working with adults and committed to growth and excellence in the field. We are located in Old Town Square, Fort Collins.
We value and are strengthened by diversity and desire a warm and welcoming place for all people. We believe in racial and ethnic equality, gender equity and social inclusion.
Position Requirement Possibilities:A graduate level psychological counseling-related degreeMasters of Social Work (MSW/LSW)Licensed Professional Counselor Candidate (LPCC)Clinical Social worker (LCSW)Professional Counselor (LPC)Marriage/Family Therapist (LMFT)Relating to this?Wanting to deliver high quality mental healthcareSeeking quality supervision and growth in a healthy environmentWhat we offer:Flexible work scheduleW2 Employment - commission basedBuilding to full time workJump of 5% in commission as well as monthly bonus/stipend once full timeWeekly supervision providedPaid weekly team meetings $30/hrTwo paid wellness hours/month $30/hrTelemedicine and in-person flexibilitySupportive work environment with direct access to two supervisorsAdministrative supportApproved professional development training providedFully automated EHR and technology supportStrong work/life balanceJob Duties:Conducting intake assessmentsDeveloping and implementing treatment plans for clients based on assessment and coordinating any additional services needed, revising as necessaryConducting individual sessions as appropriate for the treatment plan of the patientApplying psychotherapeutic techniques and interventions in the delivery of services to individuals for the purpose of treating emotional and behavioral disorders that have been diagnosed in assessmentParticipating in team meetings in order to staff new cases. Presenting appropriate patient information to the team. Recommending effective treatment interventions.Building and maintaining an active caseload with assigned clientsCompleting timely progress notes and treatment updates in the EHR. Maintaining all clinical documentation in accordance with regulatory and accrediting standardsProviding crisis intervention to patients in acute distress and referring as neededPerforming case management and discharge planning as neededExcellent communication and interpersonal skillsCompassionate and empathetic approach to patient carePlease send resume and cover letter to info@aspentherapyandwellness.com
About Aspen Therapy and Wellness LLCAspen Therapy and Wellness is a mental health services provider focusing on work with adults in an outpatient setting, working with a variety of mental health issues both in-person in Old Town Fort Collins and throughout the state of Colorado via telehealth services.
Please note that this job description is not exhaustive and additional duties may be assigned as needed.",50.0,HOURLY,"Fort Collins, CO",,1.0,,30.0,Full-time,,1712857887000.0,,https://www.linkedin.com/jobs/view/1829192/?trk=jobs_biz_prem_srch,,ComplexOnsiteApply,1715449887000.0,,,,1712857887000.0,,0,FULL_TIME,USD,BASE_SALARY,83200.0,80521.0,8069.0
2,10998357,The National Exemplar ,Assitant Restaurant Manager,"The National Exemplar is accepting applications for an Assistant Restaurant Manager.
We offer highly competitive wages, healthcare, paid time off, complimentary dining privileges and bonus opportunities. 
We are a serious, professional, long-standing neighborhood restaurant with over 41 years of service. If you are looking for a long-term fit with a best in class organization then you should apply now. 
Please send a resumes to pardom@nationalexemplar.com. o",65000.0,YEARLY,"Cincinnati, OH",64896719.0,8.0,,45000.0,Full-time,,1713277614000.0,,https://www.linkedin.com/jobs/view/10998357/?trk=jobs_biz_prem_srch,,ComplexOnsiteApply,1715869614000.0,,,"We are currently accepting resumes for FOH - Asisstant Restaurant Management with a strong focus on delivering high quality customer service. Prefer 1 to 3 years FOH management experience. Candidate should be a self-starter, proactive, attentive to details and like developing others. Must have a strong sense of teamwork and strong witten and verbal communication skills. Have a keen interest in service, food and learning. Passion for excellence and doing things right.",1713277614000.0,,0,FULL_TIME,USD,BASE_SALARY,55000.0,45202.0,39061.0
3,23221523,"Abrams Fensterman, LLP",Senior Elder Law / Trusts and Estates Associate Attorney,"Senior Associate Attorney - Elder Law / Trusts and Estates  Our legal team is committed to providing each client with quality counsel, innovative solutions, and personalized service. Founded in 2000, the firm offers the legal expertise of its 115+ attorneys, who have accumulated experience and problem-solving skills over decades of practice.
We are a prominent Lake Success Law Firm seeking an associate attorney for its growing Elder Law and Estate Planning practice. The successful candidate will be a self-motivated, detail-oriented team member with strong communication skills and a desire to grow their practice. Experience with Estate Planning, Administration, and Litigation and is preferred.
 Responsibilities will include:
Counseling clients with regard to estate planning and asset protection;Formulating and overseeing execution of Medicaid and estate plans;Drafting wills, revocable and irrevocable trusts, powers of attorney, health care proxies, and living wills;Estate Administration;Trust Administration;Court Appearances for Estate and Proceedings;Supervising paralegals 
Qualifications:Juris Doctor degree (J.D.) from an accredited law schoolLicensed to practice law in New York10-15 years of experienceExperience with various advance directives, trusts, and willsStrong analytical and problem-solving skillsAbility to build rapport with clientsExcellent written and verbal communication skills
 Competitive salary commensurate with experienceSalary: $140,000- $175,000Benefits: 401k, Medical, Dental, Life Insurance, PTO, and more
This position is based out of Lake Success, NY ",175000.0,YEARLY,"New Hyde Park, NY",766262.0,16.0,,140000.0,Full-time,,1712895812000.0,,https://www.linkedin.com/jobs/view/23221523/?trk=jobs_biz_prem_srch,,ComplexOnsiteApply,1715487812000.0,,,"This position requires a baseline understanding of online marketing including Search Engine Marketing, Search Engine Optimization, and campaign analytics. The ideal candidate must be an analytical and detailed dynamic, self-starter who is proactive, and able to multitask effectively. This individual must be a strategic thinker with excellent verbal and written communication, as well strong presentation skills and the ability to work independently in an organized manner.",1712895812000.0,,0,FULL_TIME,USD,BASE_SALARY,157500.0,11040.0,36059.0
4,35982263,, Service Technician,"Looking for HVAC service tech with experience in commerical and industrial equipment. Minimum 5 yrs. on the job with mechanical license. Winger is a full line union mechanical business with Piping, plumbing, sheet metal and service.",80000.0,YEARLY,"Burlington, IA",,3.0,,60000.0,Full-time,,1713451943000.0,,https://www.linkedin.com/jobs/view/35982263/?trk=jobs_biz_prem_srch,,ComplexOnsiteApply,1716043943000.0,,,,1713451943000.0,,0,FULL_TIME,USD,BASE_SALARY,70000.0,52601.0,19057.0
5,91700727,Downtown Raleigh Alliance,Economic Development and Planning Intern,"Job summary:The Economic Development & Planning Intern will provide valuable support to the Economic Development & Planning team, with a specific focus on urban planning and transportation initiatives during the upcoming summer semester. This role is ideal for a local graduate or undergraduate student with a keen interest in economic development, city planning, and a passion for contributing to the growth of a vibrant downtown community.
Responsibilities/Essential Functions:Support the Planning & Transportation Manager and DRA Economic Development &Planning team in major planning and advocacy initiatives, such as the ongoing Downtown Economic Development Strategy.Assist in coordination efforts related to transportation planning and major downtownprojects such Raleigh’s first Bus Rapid Transit line.Contribute to the creation of reports, including the annual State of Downtown andquarterly market reports.Assist in data collection, analysis, and maintenance of downtown data.Support small business and retail recruitment programs.Participate in stakeholder meetings and community engagement efforts.
Qualifications:Currently enrolled in a graduate or undergraduate program with a focus on urbanplanning, economics, business, research, public administration, geography,sustainability, or related field.Strong interest in economic development, city planning, and community revitalization.Excellent analytical and research skills, with a keen eye for detail.Proficiency in Microsoft Office Suite and data analysis tools.Effective communication skills, both written and verbal.
Benefits:Gain hands-on experience in economic development and city planning.Work closely with a dynamic and experienced team of economic development andplanning professionals.Networking opportunities with local stakeholders and professionals.Compensation for your contributions
Physical Requirements:Prolonged periods sitting at a desk and working on a computer.Must be able to lift up to 15 pounds at times.Must be able to access various departments of a given location.
Position Environment: This is an in-person role, with the candidate reporting to the Downtown Raleigh Alliance offices at 333 Fayetteville Street, Suite 1150, Raleigh NC. Office space will be provided onsite at DRA and the intern may also be in the field providing support to our Downtown Raleigh community. DRA will provide parking for regular or required on-site work. DRA will also provide the option of transit passes for regular or on-site work. Travel outside of periodic travel to and from Downtown Raleigh and the DRA office will not be required of this position.
Other duties:Please note this job description is not designed to cover or contain a comprehensive listing of activities, duties or responsibilities that are required of the employee for this job. Duties, responsibilities and activities may change at any time with or without notice.
Compensation:This position is a temporary, part-time position, at approximately 12 to 20 hours a week and limited to a maximum 14-week term, aligned with the summer university calendar. Anticipated pay range is $14 - $20 an hour commensurate with qualifications and prior experience. This position is non-exempt and not eligible for benefits at DRA.
How to Apply:Please submit your resume and cover letter highlighting your interest in economic development and planning to marysell@downtownraleigh.org. Applications will be accepted until Monday, May 6th. Interviews will be scheduled on a rolling basis.
EEO statement: We are an equal employment opportunity employer and do not discriminate against any person because of race, color, creed, religion, national origin, political affiliation, sex, gender identity or expression, sexual orientation, age, disability, genetic information, or other reasons prohibited by law (referred to as ""protected status""). This nondiscrimination and opportunity policy extends to employment, use of all company facilities, membership, board service and leadership, volunteerism, participation in any of the organizations programs or services and all employment actions such as promotions, compensation, benefits and termination of employment.",20.0,HOURLY,"Raleigh, NC",1481176.0,9.0,,14.0,Internship,4.0,1713456099000.0,,https://www.linkedin.com/jobs/view/91700727/?trk=jobs_biz_prem_srch,,ComplexOnsiteApply,1716048099000.0,,,,1713456099000.0,,0,INTERNSHIP,USD,BASE_SALARY,35360.0,27601.0,37183.0
6,103254301,Raw Cereal,Producer,"Company DescriptionRaw Cereal is a creative design agency specializing in live, interactive, corporate, and installation-based entertainment. Our mission is to push boundaries and create unique and immersive experiences for our clients. We pride ourselves on our end-to-end creative services and cutting-edge use of technology for larger-than-life productions.
Role DescriptionWe're looking for Directors, Producers, Creatives, AI Programmers, 3D Artists, Senior Motion Graphics Artists, Editors, etc. 
If you think you have something to add, please reach out. 
Jobs@rawcereal.com",300000.0,YEARLY,United States,81942316.0,7.0,,60000.0,Contract,1.0,1712861019000.0,1.0,https://www.linkedin.com/jobs/view/103254301/?trk=jobs_biz_prem_srch,,SimpleOnsiteApply,1715453019000.0,,,,1712861019000.0,,0,CONTRACT,USD,BASE_SALARY,180000.0,,
7,112576855,,Building Engineer,"Summary: Due to the pending retirement of our building engineer, we are seeking a Building Engineer (BE). The BE is a salaried, overtime-exempt professional with direct responsibility for the physical plant of our historic clubhouse. This hands-on position involves light maintenance tasks, operation of building systems, selection and oversight of outside contractors, and administration of building maintenance records. 
Founded in 1852, the Pacific-Union Club is one of the oldest and most exclusive clubs in the world and is known the world over for its excellent facilities and gracious staff. Our 1910 clubhouse is a National Historic Landmark and a California Designated Landmark. The Club provides dining services, a library, athletic facilities, and overnight accommodation.  Qualifications:· Professional training certification or a minimum of 5 years of experience in charge of building maintenance are strongly desired, though we will consider candidates with an equivalent combination of education and experience.· High School degree required, though we will consider candidates with equivalent education or experience · Experience and verifiable competence in building systems including HVAC, steam, gas, electrical, plumbing, repair work and/or equivalent training are required.· Excellent communication skills are required, including proficient oral and written communication. English fluency is required and the ability to speak additional languages is highly desired. · Good organizational and time management skills are required. · Computer competency with word processing, spreadsheets, email, and building systems is required. · Experience in emergency response is highly desired. Must be capable of taking a leadership role in emergency response.· Must demonstrate a working knowledge of building codes and regulations pertaining to all basic trades.· CFC and other trade certifications are desired. · Experience supervising maintenance staff or equivalent training in supervision is highly desired. Physical Requirements: · Standing, sitting, walking, and moving about in a normal fashion for extended periods of time including kneeling, crouching, and climbing ladders.· Reaching by extending hand(s) or arm(s) in any direction.· Ability to bend and lift objects, and push or pull items weighing up to 50 pounds.· Finger dexterity to manipulate objects with fingers rather than with whole hand(s) or arm(s).· Communication skills using the spoken word.· Ability to see and hear within normal parameters. Schedule: The BE’s work schedule shall be determined in accordance with business demands. Typically, the schedule consists of weekday daytime shifts, but the Chief Engineer must be available and prepared to work all shifts and days of the week as needed to accomplish the full range of responsibilities. Responsibilities:· Building maintenance maintains all aspects of the building and grounds to the highest standards of safety, cleanliness, orderliness, efficiency, record keeping and professionalism. The BE is proactive in his duties and makes recommendations for improving systems and procedures.· Project management: coordinates and manages maintenance projects and property renovations.· Supervision: trains and supervises repair/maintenance staff, vendors, and outside contractors. · Serves as the Club’s expert on all building operation systems including HVAC, steam, electrical, plumbing, fire sprinklers, utilities, laundry, fire suppression systems, dish machine, elevator, disabled lift, lighting, irrigation, security, etc.· Emergency response: handles emergencies in cooperation with other management staff and takes an active role in training staff in the safe use of equipment and systems. · Communication: interfaces positively with co-workers, members, and vendors and reports concerns.· Other: additional duties and responsibilities may be assigned from time to time. · Maintains a self-improvement program and keeps abreast of new equipment technology, automation, standards, codes, maintenance procedures, and emergency response.
Benefits:§ 401(k) retirement plan with 3% employer contribution and up to 5% additional contribution annually for qualified participants; no matching requirement§ Health Plan (choice of 3 plans) with up to 100% individual premiums paid, 75% of dependent premiums paid§ Dental Plan with up to 100% individual premiums paid, 75% of dependent premiums paid§ Life Insurance§ Long Term Disability Insurance§ Paid vacations (accrual begins after 2 mo. of employment)§ 9 paid holidays (after 30 days of employment)§ Break beverages and meals provided§ Work uniform (shirt and pants) provided and maintained by the Club.
APPLICATION: Interested applicants should submit a full resume and formal cover letter that explains your interest and qualification for the position. While traditional mail is acceptable, the employer prefers that both documents be sent by email, preferably in PDF format to jobs@puclub.org Traditional mail: Attn: Tom Gaston, The Pacific-Union Club, 1000 California Street, San Francisco, CA 94108 The Club will consider all qualified applicants in accordance with its Equal Employment Opportunity policies and the San Francisco Fair Chance Ordinance.",120000.0,YEARLY,"San Francisco, CA",,2.0,,90000.0,Full-time,,1712443452000.0,,https://www.linkedin.com/jobs/view/112576855/?trk=jobs_biz_prem_srch,,ComplexOnsiteApply,1727995372000.0,,,,1712443452000.0,,0,FULL_TIME,USD,BASE_SALARY,105000.0,94101.0,6075.0
8,1218575,Children's Nebraska,Respiratory Therapist,"At Children’s, the region’s only full-service pediatric healthcare center, our people make us the very best for kids. Come cultivate your passion, purpose and professional development in an environment of excellence and inclusion, where team members are supported and deeply valued. Opportunities for career growth abound as we grow our services and spaces, including the cutting-edge Hubbard Center for Children. Join our highly engaged, caring team—and join us in providing brighter, healthier tomorrows for the children we serve. Children's is committed to diversity and inclusion. We are an equal opportunity employer including veterans and people with disabilities.
A Brief OverviewProvides appropriate respiratory care specific to the pediatric population in accordance with the hospital policy/procedure. Assesses, plans and implements appropriate respiratory plan of care based on the cardiopulmonary needs of the patients. Evaluates effectiveness of plan of care and recommends revisions to the multidisciplinary care team
Essential Functions• Set up and operate devices such as mechanical ventilators, therapeutic gas administration apparatus, environmental control systems, and aerosol generators, following specified parameters of treatment. • Determine requirements for treatment, such as type, methods and duration of therapy, precautions to be taken, and medication and dosages, compatible with physician’s orders. • Read physicians’ orders, measure arterial blood gases, and review patient information to assess patient’s condition. • Explain treatment procedures to patients to gain cooperation and allay fears. • Monitor patient’s physiological responses to therapy such as vital signs, arterial blood gases and blood chemistry changes and consult with physician if adverse reactions occur. • Administer therapeutic gases including nitrogen, nitric oxide, heliox, etc. • Enforce safety rules and ensure careful adherence to physicians’ orders. • Maintain charts that contain patient pertinent identification and therapy information. • Inspect, clean, test, and maintain respiratory therapy equipment to ensure equipment is functioning safely and efficiently and notify manager/supervisor when repairs are necessary. • Educate patients and/or their families about the patient’s condition and teach appropriate disease management techniques such as breathing exercises and the use of medications and respiratory equipment. • Perform broncho-pulmonary drainage and assist or instruct patients in performance of breathing exercises. • Conduct lung capacity tests to evaluate patient’s cardiopulmonary functions. • Provide emergency care, including artificial respiration, external cardiac massage and assistance with cardiopulmonary resuscitation. • Complete all required respiratory therapy competency tests within specified timeline. • Demonstrate competency in identified technical skills for the respiratory department at the specific work area.Other duties may also include Clinical Instructor (schedule dependent on the contract with Respiratory Therapy schools): • Supervise contracted Respiratory Therapy (RT) students from specified schools in the clinical hospital setting. • Orients RT students to their role in the hospital, which includes scope of service, policies and procedures, patient safety, and professionalism. • Orients RT students to the equipment used by RT at Children’s. • Provides opportunities for directly supervised hands on learning in the clinical setting. • Responsible for accurate completion and documentation of all Respiratory Therapy performed with RT students. • Responsible for accurate “Hand off” of patient information and ordered Respiratory Therapy performed with RT students.Regular attendance at work is an essential function of the job.Perform physical requirements as described in the Physical Requirements section
Education QualificationsGraduate of an accredited AMA approved school of respiratory care accredited by the National Board of Respiratory Care Required andBachelor's Degree From an AMA approved accredited school in respiratory care PreferredExperience QualificationsMinimum 1 year experience in respiratory therapy Preferred andExperience working with pediatric patients PreferredSkills and AbilitiesDemonstrates competency in technical skills related to the Respiratory Therapy department.Licenses and CertificationsRCP - Licensed Respiratory Care Practitioner Current and valid Nebraska license as a Respiratory Care Practitioner Required andBCLS - Basic Life Support through the American Heart Association Required andRRT - Registered Respiratory Therapist Current and valid National Registered Respiratory Therapist (RRT) credential within 1 Year Required andCurrent and valid National Registered Neonatal/Pediatric Respiratory Therapist (RRT-NPS) credential within three years of hire. Required andPALS - Pediatric Advanced Life Support within 180 Days Required
Children’s is the very best for kids and the very best for your career! At Children’s, we put YOU first so together, we can improve the life of every child!",,,"Omaha, NE",721189.0,3.0,,,Full-time,,1712348500000.0,,https://www.linkedin.com/jobs/view/1218575/?trk=jobs_biz_prem_srch,www.childrensnebraska.org,OffsiteApply,1714940500000.0,,,"• Requires the ability to communicate effective, both verbally and in writing • Requires basic computer skills 

EDUCATION AND EXPERIENCE: 

• Graduate of an accredited school of occupational therapy • Must possess current valid Nebraska State License in Occupational Therapy • Must possess current valid registration by the NBCOT ( National Board for Certification in Occupational Therapy) • Must be certified in Basic Life Support • Experience with pediatric patients preferred",1712348500000.0,,0,FULL_TIME,,,,68102.0,31055.0
9,2264355,Bay West Church,Worship Leader,"It is an exciting time to be a part of our church! We are looking for the right energetic leader to join the mission to make disciples for Jesus in Palm Bay, Florida and beyond.
What type of candidate are we looking for:This best fit for the position will lead our worship team to creatively craft meaningful, inspiring musical worship in our worship experiences. He or she will also shepherd our team, and help disciple them to make disciples.The ideal candidate will invest their lives as a part of our church family. This position is also for someone who is willing to own this ministry and work to see it move forward.
Skills to have:- A vibrant, growing relationship with Jesus Christ- Faithful commitment to the vision, mission and leadership standards of our church- Ability to lead our worship musicians to create excellent, authentic modern worship (example: Hillsong, Elevation, etc...)- Exceptional vocal and/or instrumental talent- Multitracks, Planning Center Online, ProPresenter are required or must learn quickly.
Responsibilities:- Create musical worship for Sunday morning worship gathering- Conduct rehearsals to prepare for Sundays- Other duties as assigned**** Local connections for team building are a plus**This position is part-time to start with the ability to increase as the demands of the church require it.
Hours per week:Less than 10
When you apply, include a link to you leading worship in a worship service setting.",,MONTHLY,"Palm Bay, FL",28631247.0,5.0,350.0,,Part-time,,1712455955000.0,,https://www.linkedin.com/jobs/view/2264355/?trk=jobs_biz_prem_srch,,ComplexOnsiteApply,1715047955000.0,,,"Knowledge, Skills and Abilities: 1. Proficient with computer technology such as Microsoft Office. Also proficiency with (or ability to learn) ProPresenter and online applications such as Google Calendar and Planning center. Understanding and skill in Photoshop, Adobe Premiere a plus.
 2. Good writing, analytical and problem‐solving skills.
 3. Good knowledge of social networking applications such as Facebook, Twitter.
 4. Ability to communicate effectively verbally and in writing.
 5. Ability to operate standard office equipment, including but not limited to, computers, telephone systems, copiers/printers and facsimile machines.
 6. Ability to follow oral and written instructions.
 7. Follow-up skills with great attention to detail.
 8. Coachable ability in graphic design and minimal video editing ability a HUGE plus and preferred, but not required. 
Minimum Qualifications: 1. At least two (2) years of experience in general office responsibilities and procedures and two (2) years of graphics design and media background.
 2. Must be proficient in computer usage, both internet and word processing.
 3. Knowledge of principles and practices of basic office management and organization.
 4. Ability to work well either alone or as part of a team.
 5. Must be fully committed to the mission of FBC Melbourne/Bay West Church",1712455955000.0,,0,PART_TIME,USD,BASE_SALARY,4200.0,32905.0,12009.0
10,9615617,"Glastender, Inc.",Inside Customer Service Associate,"Glastender Inc. is a family-owned manufacturer of commercial bar and restaurant equipment, known for its high-quality products and innovative solutions. With a strong commitment to the customer experience, Glastender has been serving the industry for over 50 years, providing establishments with state-of-the-art equipment and exceptional service.We are currently looking for an Inside Customer Service Associate who can communicate with outside customers by providing exceptional customer service by addressing their concerns and resolving issues promptly (inquiries, orders, and product information via phone and email). Qualified candidates would be able to perform and possess the following skills:Design bar equipment layouts using the best application of Glastender products.Compile and submit quotations, perform order verification, order entry, and complete detailed shop drawings for use in production.Strong communication and organizational skills and demonstrated attention to detailStay updated on product knowledge and industry trends to effectively assist customers.Maintain customer records and update the computer systems with relevant information.Strong computer experience, with word processing and spreadsheet software (AutoCad software experience preferred). Able to multi-task and navigate different software programs efficiently.Experience in a business sales setting and/or college courses in business and marketing preferredPrevious customer service experience requiredIf you are excited about providing exceptional customer service and thrive in a collaborative team environment, we want to hear from you. You will play a pivotal role in supporting our sales team and ensuring a seamless experience for our customers. This position is perfect for individuals with a passion for customer service and a great approach to sales support.Join Glastender Inc. and be a part of an industry leader committed to excellence in every aspect of our business.",,,"Saginaw, MI",1194336.0,4.0,,,Full-time,1.0,1713210566000.0,,https://www.linkedin.com/jobs/view/9615617/?trk=jobs_biz_prem_srch,,ComplexOnsiteApply,1715802566000.0,,,"The Production Supervisor must possess strong leadership skills with a demonstrated ability to organize a team and its production processes to meet specific targets. A college degree and/or five to seven years related work experience is required. Knowledge of lean manufacturing concepts is also required. This person should also posses excellent communication and organizational skills. Computer competency is necessary, as well as good presentation and training skills.",1713210566000.0,,0,FULL_TIME,,,,48601.0,26145.0
11,11009123,PGAV Destinations,Project Architect,"PGAV Destinations is seeking a self-motivated and highly creative individual with a good understanding of the technical aspects of architecture. The candidate must be able to learn quickly, be collaborative, have a strong work ethic, and be able to execute or work on multiple projects simultaneously. This team member would also be instrumental in the coordination of design-intensive, complex projects and should possess strong leadership qualities in order to guide less experienced teammates over the course of the projects. Project work will include all levels and phases of design from concept through construction documentation and construction administration.
Education and ExperienceBachelor’s or Master’s of Architecture from an accredited college or university5-10 years of experience in an architectural firmSkillsGreat hand and digital sketching abilitiesProficiency in Revit, AutoCAD, and Microsoft Office SuiteProficiency in Adobe Creative SuiteProficiency in 3D modeling software such as Rhino, SketchUp, and/or 3ds Max is preferredExcellent verbal and written skillsKnowledge of Code and ADA with ability to perform code analysisIn depth understanding and expertise of architectural building systemsJob RequirementsAbility to travel as neededCommunicate thoughts and ideas with the project team and clientsStrong ability to coordinate detailed conditions with the consultant teamAbility to be self-directed and problem-solve without continued daily directionLicensure preferred but not requiredConstruction Administration / On-site or In-the-Field experience preferred but not required.Ability to lead small and large-scale projects from Concept Design thru Construction Administration in collaboration with a Project Manager or Senior Project Architect
To apply, send your resume, portfolio, and one-page cover letter (maximum file size 9 MB) to venita.davidson@pgav.com
",,,"St Louis, MO",93456.0,2.0,,,Full-time,,1712858322000.0,,https://www.linkedin.com/jobs/view/11009123/?trk=jobs_biz_prem_srch,,ComplexOnsiteApply,1715450322000.0,,,,1712858322000.0,,0,FULL_TIME,,,,63367.0,29183.0
12,56482768,,Appalachian Highlands Women's Business Center,"FULL JOB DESCRIPTION – PROGRAM DIRECTOR Appalachian Highlands Women’s Business Center Kingsport, TennesseeDepartment: Kingsport Office of Small Business Development & Entrepreneurship (KOSBE)Reports to: Chief Business Development Officer, Kingsport Chamber - KOSBEDirect Reports: AppH-WBC StaffType of Position: DirectorWork Schedule: Full-Time (40 hours per week). Exempt Status: ExemptLocation: This is not a remote position, this is in office in Kingsport, Tenn. AppH-WBC is located in Kingsport, Tennessee, under the Kingsport Chamber and within the Kingsport Office of Small Business Development & Entrepreneurship (KOSBE). The office is within walking distance to downtown living, dining and shopping.ABOUT KOSBE:In 2004, the Kingsport Chamber and City of Kingsport jointly formed the Kingsport Office of Small Business Development & Entrepreneurship (KOSBE), to specifically nurture, counsel and encourage the continued robust growth and development of startups and existing small businesses in Kingsport, Tennessee. We are a technical assistance provider offering assistance including but not limited to: forming a business, how to write business plans, business plan reviews, obtaining capital for start-up or expansion, pursuing government contracts, analyzing financial and management performance, proving business case, developing existing and new business, and planning for succession.On February 15, 2011 the Kingsport Chamber announced the new partnership between KOSBE and the Tennessee Small BusinessFULL JOB DESCRIPTION – PROGRAM DIRECTOR Appalachian Highlands Women’s Business Center Kingsport, TennesseeDevelopment Center (TSBDC) becoming the TSBDC at ETSU Kingsport Affiliate Office. Through its affiliation with TSBDC at ETSU, the Kingsport Affiliate Office covers a wider service area, including Grainger, Hamblen, Hancock, Hawkins and Sullivan counties.ABOUT THE APPALACHIAN HIGHLANDS WOMEN’S BUSINESS CENTER:SBA Women's Business Centers (WBCs) are a part a national network of entrepreneurship centers throughout the United States and its territories, which are designed to assist women in starting and growing small businesses. The mission of the Appalachian Highlands Women’s Business Center (AppH-WBC) is to serve women-owned small business concerns and women entrepreneurs by:Providing business training and counselingFacilitating securing federal contracts and access to credit andcapitalConnecting clients to the full array of SBA resourcesPROGRAM HIGHLIGHTS:The Small Business Administration is a program partner and the primary funding agency for the AppH-WBC.A cooperative agreement exists between the funding partner and the Kingsport Chamber Foundation which details program goals, objectives and expected outcomes.The client and program service area includes 10 counties: Sullivan, Grainger, Hamblen, Hancock, Hawkins, Carter, Johnson, Greene, Washington and Unicoi. Primary servicing will be done in Kingsport, however, traveling to surrounding counties is also required when necessary.Collaboration between internal programs is expected, in addition to partnerships with community resources including state agencies, local municipalities and trade organizations.FULL JOB DESCRIPTION – PROGRAM DIRECTOR Appalachian Highlands Women’s Business Center Kingsport, Tennessee• This job requires occasional overnight travel including both in-state and out-of-state travel, and some weekend and evening hours. All travel by personal vehicle is reimbursed at current General Services Administration (GSA) per diem rates.ABOUT THIS ROLE:This position is responsible for the development training programs that address the needs of women and minority entrepreneurs. The position will manage human and financial resources of the organization to achieve the mission of the AppH-WBC. The position will develop and foster partnerships with other resource providers in the service area to offer collaborative, innovative and a comprehensive scope of services to meet the needs of the client.IN THIS ROLE, YOU WILL:Provide strategic direction and guidance in alignment with the AppH-WBC mission and vision.Develop and deliver training and counseling programs for women and minority entrepreneurs.Plan and oversee the execution of AppH-WBC’s conferences, seminars and education and training events across service area.Establish an advisory council that supports the AppH-WBC’s vision.Work with the Kingsport Chamber leadership and staff in support ofprogram operations and fiscal management.Oversee AppH-WBC financial reporting, approve expenditures, andmanage AppH-WBC budget.Provide performance reports and statistical activities to SBA asrequired and other groups as needed, ensuring deadlines are metand information is accurate.Manage all marketing and publishing campaigns, AppH-WBCnewsletters and marketing materials.Oversee the AppH-WBC client database.FULL JOB DESCRIPTION – PROGRAM DIRECTOR Appalachian Highlands Women’s Business Center Kingsport, TennesseeMaintain an effective record-keeping and reporting system to document various aspects of AppH-WBC services supplied to clients including specific workshops and training topics, and identification of client impact and outcomes.Provide oversight of the AppH-WBC website content in accordance with SBA guidelines.Provide oversight of performance of AppH-WBC personnel, private consultants, and contractors to ensure optimization of program resources.Establish a cohesive team, clearly communicating technical leadership and expertise, department mission, functions, and procedures focused on staff development and long-term succession planning.Identify and engage in program fundraising as approved by the Kingsport Chamber Foundation and SBA to sustain and grow AppH- WBC operations through sponsors, cooperative agreements, grants, and contract opportunities with public or private organizations.Develop, coordinate, and implement the overall marketing of AppH- WBC services to existing and potential clients, stakeholders, and community partners.Perform related duties and responsibilities as required. PERFORMANCE INDICATORS:Advisory Council: Identify relevant subject matter experts to serve in an advisory capacity to the AppH-WBC as advocates and ambassadors of the AppH-WBC and its programming.Partnerships and Engagement: Develop relationships in the service area to engage in the service offerings and to attract clients and resource partners to the AppH-WBC.Fundraising: Engage in fundraising activities in compliance with SBA guidelines to support the operations of the AppH-WBC, and to meet budget and match requirements.FULL JOB DESCRIPTION – PROGRAM DIRECTOR Appalachian Highlands Women’s Business Center Kingsport, Tennessee• Staff development and expectations: Create performance development plans in partnership with staff to promote a career growth strategy, and to optimize staff talent and employee well- being.DESIRED SKILLS AND EXPERIENCE:Program development.Higher education or relevant certificate program completion.Serial entrepreneur who has started, scaled, and exited multiplecompanies.An equivalent combination of education and experience sufficientto successfully perform the essential job duties may be considered.Demonstrated knowledge and experience of community economicdevelopment, Small Business counseling, business acumen andentrepreneurship, budget and financial statements.Excellent customer service & leadership skills.A demonstrated track record of successful project management.Self-starter and the ability to meet deadlines, manage timelines andbudgets.Demonstrated success in delivering high-quality work products on aconsistent, reliable basis.Highly organized and detail oriented.Proficiency with Microsoft products, Excel, Customer RelationshipManagement systems, Learning Management Systems, ProjectManagement tools, and social media platforms.Ability to take on responsibilities independently with generalsupervision.Ability to multi-task under deadlines and work well under pressure.Operates in confidentiality and integrity.Works collaboratively and serves as primary interface with variousstakeholders.FULL JOB DESCRIPTION – PROGRAM DIRECTOR Appalachian Highlands Women’s Business Center Kingsport, TennesseeExcellent oral and written communication skills; strong understanding of organizational behavior and design; strong interpersonal and relationship skills; and a proven ability to work with diverse communities, leaders, and staff.Strong facilitation, consensus building, and strategic thinking skills are required.Skilled at fundraising and can make the ask. WORK ENVIRONMENTPrivate office.Shared resource center and use of some shared office equipment.Shared conference space(s).Shared front desk receptionist.YOU CAN EXPECT:Salary commensurate with experience.Culture of camaraderie with a supportive environment wherecolleagues form genuine friendships.A competitive benefits package including paid time off and sickleave, health and dental insurance, life and long-term disability insurance, and a 401(k)-retirement plan with employer contributions (5%) and optional employee pre-tax contributions.A background check conditional for job offer.The Kingsport Chamber Foundation is an equal opportunityemployer.Professional development (mandatory attendance at industryconferences and training).HOW TO APPLY:For consideration, interested candidates must submit a resume to hr@kingsportchamber.org by May 3rd, 2024, 6:00 PM EDT. ",,,"Kingsport, TN",,2.0,,,Full-time,,1712870267000.0,,https://www.linkedin.com/jobs/view/56482768/?trk=jobs_biz_prem_srch,,SimpleOnsiteApply,1715462267000.0,,,"Skills/Qualifications: Two-year or four-year degree in business or marketing and 0—2 years of previous experience. Position requires outstanding verbal skills and the ability to handle multiple tasks. Must be proficient in Microsoft Word, Outlook, Excel, Power Point, and Constant Contact. Social media knowledge and some graphic design skills would be a definite advantage. ",1712870267000.0,,0,FULL_TIME,,,,37660.0,47163.0
13,56924323,,Structural Engineer,"Universal Structural Engineers is seeking a structural engineer with or without a P.E. license who is self-motivated and willing to thrive with every new challenge. Our firm designs a diverse range of projects from new schools to seismic retrofit to government buildings in Japan. Emphasis is placed on an innovative, interactive approach to quality design.  
Competitive pay and benefits provided. Please visit us on the web at www.UniversalStructuralEngineers.com. ",,,"San Mateo, CA",,2.0,,,Full-time,,1712460580000.0,,https://www.linkedin.com/jobs/view/56924323/?trk=jobs_biz_prem_srch,,ComplexOnsiteApply,1715052580000.0,,,"Job Overview: Manage a project from start to finish under the supervision of a S.E. Manage personnel assisting in the project. Collaborate with fellow engineers to provide the most efficient, cost effective design. Understanding of current building codes. Work with the following software: Lpile, Risa, Ramsteel, Enercalc, Excel and similar software. Work with Architects and Contractors to discuss project requirements and quickly resolve issues. Analyze, design and detail structures, respond to plan check comments and manage construction administration. Perform field visits to document existing structures. Write reports. Perform field visit to fill out ASCE 31 checklists and analyze building buildings per ASCE 31 and ASCE 41.",1712460580000.0,,0,FULL_TIME,,,,94401.0,6081.0
14,69333422,Staffing Theory,Senior Product Marketing Manager,"A leading pharmaceutical company committed to developing and commercializing innovative and high-quality medicines that improve the lives of patients is now hiring for a Senior Product Marketing Manager. This role will be responsible for developing and executing marketing strategies for one or more pharmaceutical products. This individual will work closely with cross-functional teams including sales, medical affairs, market research, and commercial operations to develop and implement integrated marketing plans that drive product awareness, adoption, and revenue growth.
Responsibilities: Develop and implement integrated marketing plans for our pharmaceutical productsAct as the Marketing point on patient support initiatives including, patient HUB, patient advocacy groups, and bridge programLeverage insights and analysis of customer needs and market environment to inform marketing strategies and develop tactical plansWork closely with cross-functional teams to develop and execute product-specific promotional campaigns across multiple channels including digital, print, and events.Manage product-specific budgets and track performance against marketing objectives and KPIs. Participate in the development of product launch plans and ensure effective execution of launch activities. Collaborate with Training to identify training needs and develop and deliver sales force training materials to address these needs﻿Requirements: Minimum of 7 years of experience in pharmaceutical product marketing, with a demonstrated track record of success. Experience in immunology and preferably, in gastroenterology Strong knowledge of the pharmaceutical industry, including regulatory requirements, product development, and commercialization. Excellent communication and interpersonal skills, with the ability to collaborate effectively across cross-functional teams. Strong analytical skills and ability to analyze market research data to inform marketing strategies. Ability to manage budgets and track performance against marketing objectives. Ability to work independently and in a team environment.Willingness to travel up to 20% of is required.
",,,United States,27097933.0,2.0,,,Full-time,,1713537397000.0,1.0,https://www.linkedin.com/jobs/view/69333422/?trk=jobs_biz_prem_srch,,ComplexOnsiteApply,1729089354000.0,,,,1713537397000.0,,0,FULL_TIME,,,,,
15,83789755,OsteoStrong,Osteogenic Loading Coach,"Company DescriptionOsteoStrong® is not a gym, diet, supplement, pharmaceutical, or a medical treatment. OsteoStrong® is a unique place where you can go to improve your overall health by focusing on the one thing we all have in common: a skeletal system.The skeletal system is the foundation for your body and provides more than just strength and protection. It is arguably one of the most critical systems of the human body, and by implementing a strategy to care for and strengthen it, many experience the following results:
• Improved bone density• Improved posture• Improved balance• Improved athletic performance• Less joint and back pain
OsteoStrong® works for people at all ages and levels of activity to promote skeletal strength which impacts the entire body in many ways using a process known as Osteogenic Loading. Sessions are quick, painless, and results are measurable and happen quickly. There are a few things to know prior to coming in your first time so that you can make the best of the experience. Job DescriptionAre you passionate about empowering others? We mainly work with women over 50, to help rebuild lost bone density so they can age with strength and grace. Join our fun team at OsteoStrong as a coach! We are specifically focused on building bone density, fracture prevention, and strength and balance improvement. We are one of the fastest-growing wellness franchises in the world and are committed to helping others live healthier, more fulfilling lives. What we do allows people to continue to do the things that bring them joy! Are you looking for three day weekends virtually every week? We're open Monday through Thursday and do not expect 40 hours from you.
Responsibilities:Instruct/coach members daily on our four osteogenic loading devices. The osteogenic loading devices help members effectively load their own skeletal system safely. The result is significantly increasing bone density at a rate of 7-14% in 1 year, thereby reducing the risk of fractures, while improving overall strength, stamina and balance. Educate clients on proper form and technique (Don't worry; we'll train you how to do this!) to prevent injuries and maximize effectiveness of their weekly sessions.Assist members with our other ""Bio Hack"" therapies: red light therapy, PEMI (pulsed electromagnetic induction therapy), compression boots, hydromassage, and vibration therapy. Be friendly because our members expect results and we deliver; but what matters most is how you make them feel today!Learn about bone health, osteoporosis, and fracture prevention, etc. Communicate clearly with kindness via phone, text, and email.Help ensure a fun, supportive, and energizing experience for our members, delivering exceptional customer service at all times.Use computers for administration, and member communication. Requirements:A bachelor's degree in exercise science, kinesiology, sports science, or a related field preferred but not required. Experience in the health field is a plus.Relevant certifications such as Certified Personal Trainer (CPT), Certified Strength and Conditioning Specialist (CSCS), or equivalent, with a focus on senior fitness is highly desirable.Previous experience in coaching, personal training, or wellness helps.Strong interest in helping others, and predominantly an aging population to live better lives.Excellent communication and interpersonal skills, with the ability to build rapport and motivate individuals of diverse backgrounds and fitness levels.Empathetic and compassionate approach, with the ability to create a supportive environment for members.Strong organizational skills and attention to detail, ensuring accurate documentation, record-keeping, and communication.Ability to work independently as well as collaboratively within a team.
Benefits:Osteogenic Loading equipment for yourself and a significant other. Free access to all our modalities! Red light Therapy, Hydromassage, Pulse Electromagnetic therapy (PEMI Mat), Normatec Compression therapy, vibration therapy, and X3 (variable resistance training program) 
Experience:Customer service: 1 year (Preferred)Health, Fitness, or Medical: 1 year (Preferred)
Interested applicants should email a cover letter with resume to anchoragemidtown@osteostrong.me OsteoStrong is an equal opportunity employer.",,,"Anchorage, AK",3810432.0,4.0,,,Full-time,,1713466434000.0,,https://www.linkedin.com/jobs/view/83789755/?trk=jobs_biz_prem_srch,,ComplexOnsiteApply,1716058434000.0,,,,1713466434000.0,,0,FULL_TIME,,,,99501.0,2020.0
16,95428182,CLEVELAND KIDS BOOK BANK,Administrative Coordinator,"Job Title: Administrative CoordinatorOrganization: Cleveland Kids’ Book BankLocation: MidTown Cleveland WarehousePosition Type: F/T 40 hours per weekHourly Rate: $25Schedule: Monday – Friday 9:00 am – 5:00 pmReports to: Executive DirectorSupervises: NoneDescription:The Cleveland Kids’ Book Bank seeks an Administrative Coordinator who will play a pivotal rolein ensuring the successful operation of administrative functions within the organization. Thismultifaceted position encompasses various responsibilities, including administrative fiscalmanagement, office management and purchasing, customer relationship management (CRM /donor database) and administrative functions for HR and employee benefits.Key Responsibilities:Fiscal Coordination:Process invoices, expense reports, and vendor payments accurately and in a timely manner.Monitor accounts receivable, follow up on outstanding payments, and maintain records of transactions.Update QuickBooks software to track financial transactions, generate reports, and ensure compliance with accounting standards.Prepare and make bank deposits accurately and promptly.Manage petty cash funds and reconcile petty cash transactions.Reconcile credit card statements and ensure accuracy of transactions.○ Properly file expenses with required documentation.Resolve discrepancies and follow up on outstanding items.Perform monthly bank and account reconciliations to ensure accuracy of financial records.Investigate and resolve any discrepancies.Donor Database Management:Maintain and update donor information in the organization’s database.Complete ongoing audits and clean up of the database for accuracy.Generate reports and donor acknowledgments as needed.Human Resources and Benefits:Assist with HR duties such as onboarding paperwork, maintaining employee records, and coordinating benefits enrollment.Assist in the planning, execution, and tracking of various business and HR projects and initiatives.Process payroll accurately and in compliance with applicable laws and regulations.Maintain payroll records and address employee inquiries regarding payroll matters.Office Management:Order office and operational supplies and equipment with cost-effective procurement practices.Liaise with vendors to negotiate pricing and terms.Monitor inventory levels and order as needed.Coordinate meetings, conferences, and events, ensuring timely scheduling and distribution of relevant materials.Prepare and edit documents, reports, and presentations.Provide administrative assistance to Directors and Managers, including managing calendars, and light travel arrangements and expense reporting.Facilitate communication between departments to promote collaboration and information sharing.Provide administrative assistance to Directors and Managers, including managing calendars, and light travel arrangements and expense reporting.Qualifications:Bachelor’s degree in Business Administration, Finance, Accounting, or a related field preferred.Previous experience in administrative roles, with exposure to accounts payable/receivable, payroll processing, and financial management.Proficiency in QuickBooks and Google Suite.Experience using donor databases (Little Green Light preferred).Strong organizational and time management skills, with attention to detail.Excellent communication and interpersonal abilities.Ability to multitask and prioritize tasks effectively in a fast-paced environment.Knowledge of HR processes and benefits administration is a plus.Reports to: Executive DirectorBenefits:Competitive salary, healthcare benefits, paid time off, and professional development opportunities.Application Instructions:To apply, please submit a resume and cover letter outlining your qualifications and interest in the position to hr@kidsbookbank.org.The organization is committed to diversity, equity, and inclusion and encourages individuals fromall backgrounds to apply.Note: This position description outlines the primary duties and responsibilities of the Administrative Coordinator role. Additional tasks may be assigned based on organizationalneeds and priorities.Culture:At the Kids’ Book Bank, we are a small but mighty team dedicated to getting more books to more children and fostering a love of reading. We embrace creativity, collaboration, and respect for one another. Each team member is deeply passionate about our work, and we are always open to new approaches and partnerships.The Cleveland Kids’ Book Bank is an equal opportunity employer. We make hiring decisions without regard to race, religion, sex, national origin, ethnicity, age, disability, sexual orientation, gender identity, or medical condition.",,HOURLY,"Cleveland, OH",55624331.0,1.0,25.0,,Full-time,,1712855686000.0,,https://www.linkedin.com/jobs/view/95428182/?trk=jobs_biz_prem_srch,https://www.kidsbookbank.org/employment/,OffsiteApply,1715447686000.0,,,,1712855686000.0,,0,FULL_TIME,USD,BASE_SALARY,52000.0,44102.0,39035.0
17,103860943,,Customer Service / Reservationist,"Sentinel Limousine of East Providence RI is a family owned business that was established in 1987. We are seeking a Second Shift Customer Service Representative for our local office. Job Description: The Customer Service / Reservationist is responsible for booking, coordinating and securing ground transportation itineraries for our corporate and retail clients. The Reservationist will work side-by-side with management and the chauffeur staff to ensure all reservations are accurate, assigned and in accordance with the company’s policy. Essential Functions: Responds to ground transportation requests from retail and corporate clients, affiliates, travel agents, and referral networks, concerning reservations arriving by email, telephone, fax, or through a central on-line reservation system. Creates and maintains reservation records, prepares and send confirmation and promptly processes any cancellations and modifications. Knowledge, Skills and Abilities: Advanced customer service and communication skills Great telephone presence Ability to multi-task, prioritize and work efficiently with critical attention to details Ability to perform at high-level in fast past work environment Sensitivity to confidentiality Possess outstanding organizational and time management skills Knowledgeable of Rhode Island and Massachusetts roads Must be teachable Critical thinker and problem solver Duties and responsibility: Maintain complete knowledge and capabilities of fleet and associated services Knows the selling/pricing status, rates, and benefits of all packages plans Review and prepares confirmations, insuring accuracy prior to sending to clients Process reservation cancellations and modifications in a timely manner Understands the company's policy on late cancellations and no-shows Handles daily correspondence; responds to inquiries and makes reservations as needed Makes sure that files are kept up to date Maintains a clean and neat appearance and work area at all times Promotes goodwill by beings courteous, friendly, and helpful to mangers, and fellow employees Willing to undertake any reasonable request made by management in any other areas of the office",19.0,HOURLY,"Providence, RI",,3.0,,18.0,Part-time,,1713532302000.0,,https://www.linkedin.com/jobs/view/103860943/?trk=jobs_biz_prem_srch,,ComplexOnsiteApply,1716124302000.0,,,,1713532302000.0,,0,PART_TIME,USD,BASE_SALARY,38480.0,2903.0,44007.0
18,111513530,United Methodists of Greater New Jersey,"Content Writer, Communications","Application opening date: April 24, 2024
Title: Content WriterClassification: ExemptBand Description: SpecialistSupervisor: Director of Communications
Position SummaryThe Content Writer develops and disseminates impactful written content for United Methodists of EPA and GNJ, supporting our mission to recruit and equip transformational spiritual leaders to make disciples and grow vital congregations to transform the world. This is a highly collaborative role in the EPA&GNJ Communications Team.
www.gnjumc.orgwww.epaumc.org
Essential FunctionsCraft and manage engaging content across various channels, aligning with EPA&GNJ’s objectives.Maintain EPA&GNJ editorial calendar.Direct the production of the quarterly “NEWSpirit” newspaper, coordinating content, design, publication, distribution, and budget to uphold high production values and fiscal responsibility.Manage, curate, and track the weekly “Digest” e-newsletter.Regularly write editorial features that highlight local church ministries and conference initiatives.Revising others written content to ensure all-around consistency (style, fonts, images and tone)Compile and produce publications like the AC Pre-Conference Workbooks and the AC Journal.Balance and weigh written and visual content to reflect diversity, intercultural competency, and theological differences within our conferences.
Organizational ResponsibilitiesRelated communications duties such as social media assistance, photography, and representing communications team on project teams.Serve as a participant or as a project manager for projects as assigned.Assist in EPA & GNJ meetings and events.
Core CompetenciesCommitted to continuously grow in intercultural competenceBuild and maintain relationships that are rooted in honesty, integrity and honoring confidentialityWork collaboratively with others to produce innovative solutionsNetworking and initiativeMeet deadlinesAbility to convert ideas into stories, linking EPA&GNJ’s mission to action
QualificationsPortfolio of published articles (electronic and print)Excellent writing and editing skills in EnglishEvidence of collaboration with clients and within an office environmentHands-on experience with MailChimp, WordPress, SEO tools, Microsoft Suite, and social mediaFamiliarity with web publicationsPhotography skills preferred
EducationBachelor’s degree in journalism, communications, or public relations
TravelThe position requires some evening and weekend responsibilities and some travel beyond the office. The position works in a hybrid model from the EPA office in Norristown, PA and GNJ office in Neptune, NJ.
EPA & GNJ employees through their work help fulfill our mission: recruit and develop transformational leaders to make disciples and grow vital congregations to transform the world. EPA & GNJ values as an organization and in its employeesinnovation and risk takingexcellence in its ministry and servicecompassionate and just servicediversitycollaborationUnited Methodists of Eastern Pennsylvania and Greater New Jersey view all employees as leaders who are critical to the mission, capable of growth and valued.
Inquiries and resumes to be sent to jkim@gnjumc.org until position is filled.
Download the full Job Description: Content Writer-2024",,,Greater Philadelphia,4028816.0,10.0,,,Full-time,1.0,1713457320000.0,,https://www.linkedin.com/jobs/view/111513530/?trk=jobs_biz_prem_srch,,ComplexOnsiteApply,1716049320000.0,,,,1713457320000.0,,0,FULL_TIME,,,,,
19,115639136,Shannon Waltchack,Controller,"WORK @ SWShannon Waltchack (SW) is seeking a Commercial Property Manager to manage a portion of its commercial real estate portfolio. ABOUT SWAt SW, We Help People - our clients, investors and tenants - maximize value, build wealth, see the future, cultivate relationships, and make great real estate decisions. Our experienced team is rooted in our core values: Gratitude, Integrity, Drive & Innovation. We started our property management department to enhance and protect our own properties. Realizing our own success and knowing others could benefit from it, we expanded this service to include our clients and we now manage over 125 properties throughout the United States. ABOUT THE POSITIONReporting to the VP Finance & Administration (VP), the Controller will help oversee the responsibilities of the Accounting Department, specifically, the accounting operations of the real estate portfolio of Shannon Waltchack affiliates and Third-Party Owners managed by Shannon Waltchack. The Controller should relieve the VP of certain responsibilities and provide general oversight of accounting items including Accounts Receivable, Accounts Payable, reconciliations, property financials and other Property Accounting functions. The Controller will supervise staff as determined by the VP. Essential Responsibilities include, but are not limited to:· Develop, document, and implement internal controls· Lead, manage and hold accountable direct reports· Prepare, review, adjust and post Journal Entries· Treasury management, lender and bank reconciliations· Oversee Charge and Receipts for properties· Manage Check Run and ACH Payments· Prepare and approve Wires· Oversee financial statement reporting, accruals, and adjustments for properties· Compile quarterly asset management report and make investor distributions· Oversee 1099 Preparation and distribution· Oversee OPEX reconciliations· Oversee Property Contract administration and Vendor compliance· Various activities needed to support the VP, President, Partners and Investors PREFERRED QUALIFICATIONSBachelor’s degree in accounting or related discipline is preferredCertified Public Accounting (CPA) DesignationMinimum 5 years experience in real estate accountingAbility to comprehend, analyze, and interpret real estate terms, principals, and documentsHigh degree of initiative, self-direction, and attention to detailExcellent written and oral communication skillsStrong organizational and analytical skillsMust be proactive, responsive and resourcefulAbility to multi-task and work well under pressure requiredDemonstrated knowledge of Microsoft Office 365Yardi Property Management Software
",,,"Birmingham, AL",988555.0,61.0,,,Full-time,4.0,1713209850000.0,,https://www.linkedin.com/jobs/view/115639136/?trk=jobs_biz_prem_srch,,ComplexOnsiteApply,1728761841000.0,,,"Strong interpersonal communication skills and strong organizational skills are a must. Must be proficient in Microsoft Word, Excel and have excellent computer skills.",1713209850000.0,,0,FULL_TIME,,,,35203.0,1073.0
